category,title,body,origin
"한화생명, 한화손보, 한화증권","한화생명, 3년 반만에 각자대표 체제…왜?
","보험업계 한 관계자는 ""각자대표의 경우 각 CEO(최고경영자)가 본인이 강점을 가지고 있는 전문 분야를 총괄하기 때문에 책임경영이 가능하고 신속한 의사결정이 이뤄지는 것이 강점""이라며 ""최고경영층의 의사결정 방식을 분산해 효율화하는 기업문화""라고 말했다. 한화생명 외에 미래에셋생명도 각자대표 체제를 유지하고 있다. 하만덕 부회장이 FC(설계사), 방카슈랑스(은행에서 파는 보험상품), GA(법인대리점), 법인영업 등을 포함한 영업을 총괄하고 김재식 부사장은 인사, 기획, 자산운용 등을 포함한 관리를 총괄한다. 하 부회장이 영업에 집중하는 동안 김 부사장이 관리 업무로 지원하는 형식이다. ","한화생명 (4,680원 상승50 -1.1%)이 3년반만에 두 명의 대표이사가 이끄는 각자대표 체제로 전환했다. 한화그룹 내 전략기획통으로 꼽히는 여승주 사장을 영입해 신사업 전략으로 수익성을 강화하겠다는 포석으로 읽힌다. 

한화생명은 지난 12일 현재 대표를 맡고 있는 차남규 부회장과 함께 여 사장을 각자 대표이사로 내정했다. 여 사장은 한화생명 재정팀장, 전략기획실장, 한화투자증권 대표이사 등을 지내며 그룹의 M&A(인수·합병)와 미래 신사업 전략을 이끈 경험이 있다. 2010년 한화생명 상장 당시 실무작업에 참여했고 2014년 삼성그룹의 방산·화확 4개 계열사를 인수할 때도 핵심 실무자로 참여했다. 2016년 한화투자증권 대표 시절에는 부임 1년만에 흑자전환을 이끌었다. 

업계에서는 내년 3월 정기이사회 전까지 차 부회장과 여 사장간에 별도 업무 분담 없이 사업 전반을 함께 관장하다 이후 여 사장이 신사업 전략을 집중 총괄하는 방향으로 업무 분장이 이뤄질 것으로 보고 있다. 

보험업계 한 관계자는 ""각자대표의 경우 각 CEO(최고경영자)가 본인이 강점을 가지고 있는 전문 분야를 총괄하기 때문에 책임경영이 가능하고 신속한 의사결정이 이뤄지는 것이 강점""이라며 ""최고경영층의 의사결정 방식을 분산해 효율화하는 기업문화""라고 말했다. 

한화생명 외에 미래에셋생명도 각자대표 체제를 유지하고 있다. 하만덕 부회장이 FC(설계사), 방카슈랑스(은행에서 파는 보험상품), GA(법인대리점), 법인영업 등을 포함한 영업을 총괄하고 김재식 부사장은 인사, 기획, 자산운용 등을 포함한 관리를 총괄한다. 하 부회장이 영업에 집중하는 동안 김 부사장이 관리 업무로 지원하는 형식이다.  

손해보험사 중에서는 현대해상이 2013년부터 이철영 부회장, 박찬종 사장 각자대표 체제로 회사를 이끌고 있다. 업계 장수 CEO로 꼽히는 이 부회장이 대외 업무를 비롯한 경영 전체를 총괄하고 박 사장은 경영기획, 인사, 총무, 소비자보호 업무를 맡으며 시너지를 내고 있다. 

보험업계 다른 관계자는 ""각자대표 체제는 일원화된 의사결정이 이뤄지지는 않지만 각자 전문성을 기반으로 수익성을 강화하고 내실을 다지는데 효과적""이라고 말했다."
"한화생명, 한화손보, 한화증권","[CEO 뉴페이스] '물 만난 재무통' 여승주 한화생명 대표
","한화생명에서 여 내정자의 역할은 아직 뚜렷하게 정해지지 않은 것으로 알려졌지만, 적임자라는 데에는 이견이 없어 보인다. 최근 금융당국이 즉시연금 미지급금을 지급하라며 생보업계를 압박하는 동시에 2021년 새 국제회계기준(IFRS17) 도입 의지를 피력했기 때문. IFRS17이 도입되면 생보업계는 재무관리 부담이 커질 수밖에 없다. 그의 능력이 십분 발휘될 것으로 예상되는 대목이다. IFRS17은 보험부채 평가 기준을 원가에서 시가로 변경하는 것이 주요 골자로, 기존의 IFRS4를 대체하는 국제회계기준이다. IFRS17이 도입되면, 생보사는 고객과 보험 계약 당시 금리가 아닌 현재 시장금리를 반영해 자산을 운용해야 한다. 이때 애초 계산해둔 수익률에 변동이 생기게 되면 생보사의 지급여력(보험사가 고객에게 보험금을 지급할 수 있는 능력)도 타격을 입는다. ","한화그룹은 지난 12일 여승주 한화생명 사장을 대표이사로 내정했다. 한화그룹의 이번 결정은 최근 생명보험 업계를 짓누르고 있는 ‘자본 확충’ 압박을 타계하기 위한 조치로 해석된다. 나아가 4년간 단독대표 체제였던 한화생명을 각자대표 체제로 전환해 업무 효율을 높이려는 의도로 보인다.

여승주 내정자는 1960년생으로 경복고와 서강대 수학과를 나와 1985년 경인에너지(현 한화에너지)로 입사했다. 한화에서 사회에 첫발을 디딘 여 내정자는 2004년 대한생명보험 재정팀장을 맡아 재무전문가로서 역량을 발휘했다. 2010년 대한생명보험의 상장 작업을 총괄하기도 했다.

 

이후 대한생명보험 전략기획실을 거쳐 한화그룹 경영기획실로 자리를 옮긴 그는 전략팀을 진두지휘하며 그룹의 굵직한 M&A(인수·합병)를 ?수차례 ?성공적으로 이끌었다. 특히 한화그룹과 삼성그룹의 화학 계열사 ‘빅딜’을 주도하면서 능력을 인정받아 부사장으로 승진했다. 재무관리와 위기관리 능력을 두루 인정받은 여 내정자는 한화그룹의 금융계열사를 총괄해왔다. 

 

한화생명에서 여 내정자의 역할은 아직 뚜렷하게 정해지지 않은 것으로 알려졌지만, 적임자라는 데에는 이견이 없어 보인다. 최근 금융당국이 즉시연금 미지급금을 지급하라며 생보업계를 압박하는 동시에 2021년 새 국제회계기준(IFRS17) 도입 의지를 피력했기 때문. IFRS17이 도입되면 생보업계는 재무관리 부담이 커질 수밖에 없다. 그의 능력이 십분 발휘될 것으로 예상되는 대목이다.

 

IFRS17은 보험부채 평가 기준을 원가에서 시가로 변경하는 것이 주요 골자로, 기존의 IFRS4를 대체하는 국제회계기준이다. IFRS17이 도입되면, 생보사는 고객과 보험 계약 당시 금리가 아닌 현재 시장금리를 반영해 자산을 운용해야 한다. 이때 애초 계산해둔 수익률에 변동이 생기게 되면 생보사의 지급여력(보험사가 고객에게 보험금을 지급할 수 있는 능력)도 타격을 입는다. 

 

저금리 기조가 이어지는 이때 IFRS17이 적용된다면 생보사의 수익률이 낮아질 수밖에 없다. 결국 지급여력을 유지하기 위해서 생보사는 새로운 자본 확충 방안을 모색해야 한다. 지급여력을 보여주는 지표인 위험기준자기자본(RBC)비율은 100%를 넘어야 하며 금융당국의 권고치는 150%다. 한화생명의 RBC비율은 국내 3대 생보사 중 가장 낮은 수준으로 지난 6월 기준 지난해 같은 기간과 비교해 222.2%에서 219.7%로 2.5% 낮아졌다.

 

일각에선 이번 인사가 한화생명 내 ‘힘의 균형’?을 맞추기 위한 포석이라는 해석도 나온다. 한화생명은 각자·단독 대표이사 체제를 반복하며 운영돼왔다. 두세 명의 각자대표 중 한 명이 퇴임하면 후임에게 자리를 물려주는 식이었다. 현재 한화생명 단독대표인 차남규 부회장은 김연배 전 부회장이 각자대표 자리에서 물러나면서 2015년 이후 4년째 홀로 조직을 이끌고 있다.

 

생보업계 관계자는 “오너 경영이 이뤄지는 한화에서 부회장 자리에 오른 건 가장 막강한 파워를 가졌다고 봐야 한다”며 “여승주 내정자가 한화생명에 실무적으로 큰 역할을 하겠지만 한편으론 차 부회장을 견제하는 역할도 할 것”이라고 설명했다.

 

이에 대해 한화생명 관계자는 “여승주 내정자의 정확한 역할이 아직 정해지지 않아 드릴 수 있는 말씀이 없다”며 “이번 인사가 현재 차남규 부회장을 견제하기 위한 수단은 전혀 아니다. 오히려 여 내정자와 차 부회장의 시너지 효과를 기대하고 있다. 정확한 건 내년에 있을 주주 총회 이후에 결정될 것”이라고 밝혔다.

 

한편 국내 생보사의 수익성은 하락 추세다. 저축성보험 수입보험료는 큰 폭으로 떨어졌지만 보장성보험의 수입보험료는 소폭 상승했기 때문이다. 올해 상반기 생보업계의 저축성보험 수입보험료는 16조 9836억 원으로 지난해 같은 기간 21조 2689억 원과 비교해 4조 2853억 원(20.1%) 대폭 감소했다. 반면 보장성보험의 수입보험료는 20조 2668억 원에서 20조 6492억 원으로 3824억 원(1.9%) 상승에 그쳤다. 

 

한화생명의 올 상반기 매출은 12조 2063억 원으로 지난해 12조 9671억 원과 비교해 7608억 원 감소했다. 순이익만 놓고 보면, 올해 3030억 원을 기록하며 지난해 5547억 원보다 54.6% 떨어졌다."
"한화생명, 한화손보, 한화증권","해외 M&A 눈 돌리는 우리은행...업계 최초 인도 IB데스크 설치
",우리은행은 15일 인도 뭄바이 지점에 IB데스크를 설치하고 인력을 파견한다. 뭄바이 IB데스크는 이달 신설한 싱가포르 아시아심사센터와 연계해 운영된다. 우리은행은 국내 인수금융 주선 역량을 활용해 인도 M&A 시장에서 신규 딜(Deal)을 발굴하고 네트워크를 형성해나갈 예정이다. 우리은행 IB그룹 관계자는 “인도 시장에서 글로벌 프라이빗에쿼티(PE) 네트워크를 활용해 의미있는 주선 기회를 확보하려고 한다”며 “6개월 내 최대 2건 주선을 목표로 하고 있다”고 말했다. 인도 M&A 시장은 급성장하고 있다. 9월까지 인도로 유입된 외국인 M&A 자금은 406억 달러(약 45조9998억 원)로 같은 기간 중국(416억 달러)와 비등하다. 올해 인도의 외국인 M&A 유입 규모는 전년 동기 대비 64% 급증한 수준이다.,"우리은행이 은행권 최초로 인도에 투자은행(IB) 데스크를 설치한다. 올해 8월 운영을 시작한 베트남 IB데스크를 비롯해 6개국에 글로벌 IB 네트워크를 형성했다. 글로벌 인수ㆍ합병(M&A) 시장에서 단순 참여를 뛰어넘어 금융 주도권을 잡겠다는 의지로 풀이된다.

14일 금융권에 따르면 우리은행은 15일 인도 뭄바이 지점에 IB데스크를 설치하고 인력을 파견한다. 뭄바이 IB데스크는 이달 신설한 싱가포르 아시아심사센터와 연계해 운영된다. 우리은행은 국내 인수금융 주선 역량을 활용해 인도 M&A 시장에서 신규 딜(Deal)을 발굴하고 네트워크를 형성해나갈 예정이다.

우리은행 IB그룹 관계자는 “인도 시장에서 글로벌 프라이빗에쿼티(PE) 네트워크를 활용해 의미있는 주선 기회를 확보하려고 한다”며 “6개월 내 최대 2건 주선을 목표로 하고 있다”고 말했다.

인도 M&A 시장은 급성장하고 있다. 9월까지 인도로 유입된 외국인 M&A 자금은 406억 달러(약 45조9998억 원)로 같은 기간 중국(416억 달러)와 비등하다. 올해 인도의 외국인 M&A 유입 규모는 전년 동기 대비 64% 급증한 수준이다. 

우리은행이 추진 중인 인도 법인 설립 작업이 완료되면 IB 영업에 탄력이 붙을 전망이다. 우리은행은 2012년 첸나이 지점, 2017년 구르가온 지점, 인도지역본부, 뭄바이 지점을 개설하는 등 인도 시장 장악력을 높여가고 있다. 

우리은행은 글로벌 투자금융 분야를 전폭적으로 확대하고 있다. 이달 국내은행 최초로 싱가포르에 신설한 아시아심사센터는 중국, 베트남 등 아시아지역 현지법인과 홍콩, 인도 등 해외지점 여신심사를 전담한다. 은행권 내 최다 IB 네트워크로 시너지를 뒷받침하고 있다. 2017년 7월 시드니, 싱가포르, 런던, 뉴욕에 이어 올해 베트남, 인도 까지 6개국에 글로벌 IB데스크를 설치했다.

특히 베트남, 인도 등 타행이 아직 진출하지 않은 신흥 시장에 집중해 성과를 내고 있다. 우리은행은 지난 4월 베트남에서 6600만 달러 규모의 응이손 석탄화력발전소 딜, 3월에는 1600만 달러 규모의 인도 NTPC 발전사업 대출에 참여했다. 

우리은행은 글로벌 통 손태승 행장의 진두지휘 아래 전사적으로 글로벌 네트워크의 양적·질적 강화에 포커스를 맞추고 있다. 우리은행은 현재 10% 수준의 해외 순익 비중을 2020년 말에는 약 30%까지 늘려나갈 계획이다. "
"한화생명, 한화손보, 한화증권","中 ABCP 사태, 한화투자증권 겨냥…‘최악의 시나리오’ 펼쳐지면
","중국 에너지기업 CERCG(중국국저에너지화공집단)의 ABCP(자산유동화기업어음) 동반 부도와 관련한 책임의 화살이 한화투자증권을 향하고 있습니다. 1600억원대에 이르는 채권 발행 규모에 만기 일자는 11월 8일. 한달이 채 남지 않았습니다. 지난 12일 금융감독원 국정감사에선 윤석헌 금감원장과 김영대 NICE신용평가 대표, 김태우 KTB자산운용 대표가 각각 한화투자증권을 주관사로 지목했습니다. 업계에선 동반 부도가 발생할 경우, 한화투자증권이 법적 책임을 피하긴 힘들 것이라는 의견이 지배적입니다. 통상적으로 투자자 과실이 일정부분 인정되기 때문에 주관사가 모든 피해금액을 떠안는 경우가 잦진 않지만, 모든 배상 책임을 물어야 하는 ‘최악의 경우’엔 신용도 변화가 불가피하다는 전망도 나옵니다. ","[앵커] 중국국저에너지화공집단의 자산유동화기업어음과 관련한 책임론이 한화투자증권을 향하고 있습니다. 채권 발행 금액이 무려 1600억원대에 이르는 가운데 책임 공방은 더 치열해질 전망입니다. 강민경 기자의 보도입니다.

[기자] 중국 에너지기업 CERCG(중국국저에너지화공집단)의 ABCP(자산유동화기업어음) 동반 부도와 관련한 책임의 화살이 한화투자증권을 향하고 있습니다.



1600억원대에 이르는 채권 발행 규모에 만기 일자는 11월 8일. 한달이 채 남지 않았습니다.

지난 12일 금융감독원 국정감사에선 윤석헌 금감원장과 김영대 NICE신용평가 대표, 김태우 KTB자산운용 대표가 각각 한화투자증권을 주관사로 지목했습니다.

업계에선 동반 부도가 발생할 경우, 한화투자증권이 법적 책임을 피하긴 힘들 것이라는 의견이 지배적입니다.

통상적으로 투자자 과실이 일정부분 인정되기 때문에 주관사가 모든 피해금액을 떠안는 경우가 잦진 않지만, 모든 배상 책임을 물어야 하는 ‘최악의 경우’엔 신용도 변화가 불가피하다는 전망도 나옵니다.

[인터뷰] 안나영 한국기업평가 연구원

""만약에 주관사가 이 부담을 다 진다고 하면 한화투자증권 자본이 7000~8000억원 정도 되기 때문에. 이 정도 규모가 전액 부담을 한다고 하면 좀 많이 부담스럽긴 합니다.""



[기자] 당시 국감에서 신용평가 보고서에 CERCG가 ‘공기업’으로 표기돼 있었다는 것도 논란이 됐는데, 이와 관련해서도 한화투자증권이 책임에서 벗어나기엔 부족하다는 지적이 제기됩니다.

한국 ‘공기업’의 경우 국가의 경제적 지원 가능성을 염두에 두는 함의를 포함하지만, 중국은 지원 가능성과 별도로 국가가 지분 일부만을 가지고 있어도 ‘공기업’으로 표기가 가능하다는 겁니다.

때문에 ABCP 발행 이전 한화투자증권이 현지 실사 출장이나 기업평가를 거치지 않았다는 국회의 질책에 업계에서도 동조하는 분위기입니다.



[인터뷰] 업계 관계자(음성변조)

""주관사는 아주 (현장 점검 및 실사에 대한) 전적인 의무가 있는 것이고 모든 딜에 전반에 걸쳐 주관을 하는 거라서.""

기관 및 개인 투자자 4000여명의 피해자 발생이 짐작되는 중국 ABCP사태.

금감원은 한화투자증권을 비롯한 해당 금융기관을 대상으로 채권 유동화 과정에 발생한 문제에 대해 집중 점검하겠다는 입장을 밝혔습니다.

아시아경제TV 강민경입니다."
은행권 동향,"금감원장 ""우리은행 지주사 전환, 전산장애와 별개""
","우리은행은 지주사 전환을 위해 금감원으로부터 인가 심사를 받고 있다. 금감원은 이르면 이달 말, 늦어도 다음 달 중 전환심사를 마치고 금융위원회 정례회의에 우리은행 지주사 전환 안건을 상정할 것으로 전망된다. 일각에서 최근 우리은행에서 벌어진 대규모 해킹 시도 사태와 전산장애 등의 문제가 지주사 전환 과정에서 악영향을 끼칠 수 있다고 분석했다. 하지만 윤석헌 원장이 우리은행 지주사전환과 별개로 처리하겠다고 하면서 전산장애는 우리은행에 국한된 문제로 남을 전망이다. 금감원은 우리은행을 대상으로 경영실태평가에 돌입해 전산장애 등을 전반적으로 점검할 계획이다.","윤석헌(사진) 금융감독원장이 우리은행 지주사 전환과 관련해 최근 논란이 된 전산장애와 별개로 심사를 할 것이라고 밝혔다. 

윤석헌 원장은 16일 서울 여의도 콘래드 호텔에서 열린 서울 국제금융콘퍼런스 행사에 참석한 뒤 기자들과 만나 ""우리은행 지주사 전환을 최대한 빨리 처리할 것""이라며 ""최근 전산장애와 우리은행 지주사 전환 인가심사와는 독립적으로 살필 것""이라고 말했다. 

우리은행은 지주사 전환을 위해 금감원으로부터 인가 심사를 받고 있다. 금감원은 이르면 이달 말, 늦어도 다음 달 중 전환심사를 마치고 금융위원회 정례회의에 우리은행 지주사 전환 안건을 상정할 것으로 전망된다. 

일각에서 최근 우리은행에서 벌어진 대규모 해킹 시도 사태와 전산장애 등의 문제가 지주사 전환 과정에서 악영향을 끼칠 수 있다고 분석했다. 하지만 윤석헌 원장이 우리은행 지주사전환과 별개로 처리하겠다고 하면서 전산장애는 우리은행에 국한된 문제로 남을 전망이다. 금감원은 우리은행을 대상으로 경영실태평가에 돌입해 전산장애 등을 전반적으로 점검할 계획이다. 

윤 원장은 또 국회 정무위원회 국정감사에서 지적받은 미국 재무부의 국내 금융사에 대한 컨퍼런스콜과 관련해 ""금감원이 이와 관련해 주무부서가 아니다""라고 말했다. 

또 금융사에 대한 경영간섭이 많다는 지적에 대해서는 ""장기적인 시각으로 봐야 한다""며 ""문제가 있는데 금감원이 간섭을 하지 않을 수 없다""고 강조했다. 이어 ""소비자 보호 기조는 유지할 것""이라며 ""금감원의 의욕이 앞선 부분이 있지만, 나쁜 방향은 아니다""라고 말했다. 

금융사 내부통제 강화와 관련해서는 ""금융회사의 선진화를 위해 꼭 필요한 조치""라며 ""일각에서 비용을 먼저 생각하는데, 내부통제와 관련한 하부구조를 잘 구축하면 금융이 한 단계 향상할 수 있는 계기가 될 것""이라고 강조했다."
은행권 동향,"우리은행, 유럽법인 설립 인가 획득
","우리은행은 유럽법인 설립 인가 획득으로 유럽연합(EU)지역에서 본격적인 영업을 위한 기반을 마련했다. 우리은행 유럽법인은 유럽경제와 금융의 중심지인 독일 프랑크프루트에 설립되며, 10월 중 영업을 시작한다. 'EU지역 동일인 원칙(Single Passport Rule)'에 따라 EU소속 국가에 현지법인을 설립하면 다른 EU국가에서는 간소화된 절차로 지점 신설이 가능해, 많은 한국기업들이 활동하고 있는 동유럽 지역의 진출이 용이해졌다.","우리은행은 독일 금융감독청과 유럽중앙은행으로부터 유럽법인 설립 인가를 획득했다고 16일 밝혔다.

?

우리은행은 유럽법인 설립 인가 획득으로 유럽연합(EU)지역에서 본격적인 영업을 위한 기반을 마련했다. 우리은행 유럽법인은 유럽경제와 금융의 중심지인 독일 프랑크프루트에 설립되며, 10월 중 영업을 시작한다.

?

'EU지역 동일인 원칙(Single Passport Rule)'에 따라 EU소속 국가에 현지법인을 설립하면 다른 EU국가에서는 간소화된 절차로 지점 신설이 가능해, 많은 한국기업들이 활동하고 있는 동유럽 지역의 진출이 용이해졌다.

우리은행 유럽법인은 EU지역의 한국기업에 대한 시설자금 대출 등 신규 대출 영업, 현지 기업 신디케이션론 참여와 유로화 송금·중개 업무를 통해 우량 자산과 비이자이익을 확대할 계획이다.

?

취급 가능업무는 ▲기업금융 ▲투자금융 ▲수출입 금융 ▲외화송금센터업무 ▲리테일업무 등이다. 기업 마케팅을 강화하기 위해 투자은행(IB) 업무 경험이 풍부한 국내 직원과 현지인으로 구성된 세일즈팀을 신설할 계획이다.

?

우리은행 관계자는 ""유럽법인과 영국 런던지점, 폴란드 카토비체 사무소로 이어지는 '유럽금융벨트'를 완성했고 유럽시장 진출에 속도를 낼 계획""며 ""아시아, 중동, 유럽, 아메리카를 연결하는 '글로벌 금융벨트'로 해외사업 확대에 더욱 박차를 가하고 있다""고 밝혔다.

?

우리은행은 해외 419개 네트워크를 보유해 국내 금융사중 가장 많다. 핵심 성장지역인 인도네시아, 베트남, 캄보디아 등 현지법인의 자체 네트워크를 확대중이고, 인도 등 현지법인 신설도 추진하고 있다."
은행권 동향,"KEB하나은행, 기업 인터넷뱅킹 서비스 전면 개편
","KEB하나은행이 기업 인터넷뱅킹 서비스를 전면 개편 시행한다고 19일 밝혔다. 집중도와 가독성을 높인 디자인을 통해 심플하고 직관적인 화면을 구성했다. 조회, 이체, 해외송금, 사용자 권한설정 등의 거래 편의성을 높였다. 기업 간 전자결제에서 사용하는 전자세금계산서 정보를 국세청에서 실시간으로 받아 자동으로 입력할 수 있게 했다. 대출증빙 서류의 인터넷 제출과 잔액증명서, 금융거래확인서, 부채증명서 등의 온라인 발급이 가능하다.","KEB하나은행이 기업 인터넷뱅킹 서비스를 전면 개편 시행한다고 19일 밝혔다.

?

집중도와 가독성을 높인 디자인을 통해 심플하고 직관적인 화면을 구성했다. 조회, 이체, 해외송금, 사용자 권한설정 등의 거래 편의성을 높였다.

?

기업 간 전자결제에서 사용하는 전자세금계산서 정보를 국세청에서 실시간으로 받아 자동으로 입력할 수 있게 했다. 대출증빙 서류의 인터넷 제출과 잔액증명서, 금융거래확인서, 부채증명서 등의 온라인 발급이 가능하다.

?

피드백 서비스와 커뮤니케이션 서비스도 선보인다. 피드백 서비스로 거래 화면마다 손님이 해당 거래에 대한 의견을 작성할 수 있다.

?

해외 지점 거래 기업들에 대한 글로벌 서비스도 강화된다. KEB하나은행의 해외지점을 이용하는 기업들은 기업뱅킹을 통해 해외지점에 개설된 계좌의 잔액 및 거래내역을 확인 하고 해외지점 내 이체서비스를 할 수 있게 됐다."
은행권 동향,"KEB하나은행, 대출자산 2억 달러… IB·WM 사업 다각화
",KEB하나은행은 현대차를 따라 첸나이로 왔다. 인도 첫 지점이었다. 탄탄한 한국기업을 기반으로 현지로 뻗어 나가기 위해서였다. 2015년 2월 개점한 뒤 본격적으로 영업을 시작했다. 최근 대출자산 2억 달러(약 2260억원)를 달성하며 몸집을 키우고 있다.,"지난달 10일 방문한 인도 남부 타밀나두주 최대 도시 첸나이(Chennai)는 낮 최고기온 35도를 넘나들었다. 그나마 더위가 한풀 꺾인 거라고 했다. 하지만 10분만 걸어도 쏟아지는 햇볕에 정신을 차리기 어려웠다. 첸나이엔 사계절이 있지만, 평균 최저기온이 20도 이하로 떨어지는 날이 거의 없다. 

첸나이는 최근 빠르게 변한 수도 뉴델리 등 북인도와 달리 여전히 전통을 중시하는 도시다. 청바지에 티셔츠 차림을 한 사람을 쉽게 볼 수 있는 북인도와 달리 여전히 전통 옷을 입은 사람이 대부분이다. 여성은 ‘사리’, 남성은 ‘도티’를 즐겨 입는다. 북인도와 겉모습도 다르다. 상대적으로 작은 체형에 까무잡잡한 피부를 가진 드라비다인이다.

이곳은 현대차의 도시이기도 하다. 1996년 인도에 진출한 현대차는 1998년 이곳에 공장을 세웠다. 외국계 기업 최초라고 한다. 지난해 50만 대 이상 차량을 판매해 인도 시장 점유율 2위를 차지했다. 

KEB하나은행은 현대차를 따라 첸나이로 왔다. 인도 첫 지점이었다. 탄탄한 한국기업을 기반으로 현지로 뻗어 나가기 위해서였다. 2015년 2월 개점한 뒤 본격적으로 영업을 시작했다. 최근 대출자산 2억 달러(약 2260억원)를 달성하며 몸집을 키우고 있다.


◇글로벌 네트워크 강한 외환은행 장점 살려 = 하나은행 인도 진출 역사는 2015년 9월 합병 전 외환은행으로 거슬러 올라간다. 하나은행은 외환은행의 글로벌 네트워크와 외국환거래 노하우를 흡수했다. 

외환은행은 2015년 2월 첸나이에 지점을 처음 냈다. 1996년 인도에 처음 진출한 신한은행과 비교하면 약 20년 뒤졌다. 하지만 자세히 들여다보면 10여 년 전부터 꼼꼼히 시장조사를 하며 기반을 쌓아온 것을 알 수 있다. 

외환은행이 인도에 첫발을 내디딘 것은 2008년이었다. 뉴델리에 사무소를 내 시장조사를 시작했다. 2년간의 시장조사를 걸쳐 2010년 10월 인도중앙은행(RBI)에 첸나이 지점 인가를 신청했다. 하지만 대주주였던 사모펀드 론스타 이슈가 발목을 잡았다. 론스타는 2003년 외환은행을 헐값에 사들여 2012년 4조6000억 원에 팔아 ‘먹튀’ 논란을 불러일으켰다. RBI는 인가 과정에서 투명한 지배구조를 중요시한다. 결국 2014년 7월에서야 최종 인가를 받을 수 있었다. 신청한 지 약 4년 만이었다. 

시작은 늦었지만 하나은행은 외환은행의 노하우와 전문가를 기반으로 금방 자리를 잡았다. 첸나이 지점을 맡은 이용효 지점장은 1996년 외환은행 지역전문가 연수로 인도에서 1년 동안 공부했다. 그 뒤 바레인 지점, 인도 뉴델리 사무소, 본사 글로벌 사업부 등을 거친 글로벌 전문가다.

하나은행은 내년부터 본격적으로 인도 지점을 확대한다. 상반기 초 개점 예정인 구르가온 지점이 첫 목표다. 하리아나주에 있는 도시 구르가온은 경제 중심 도시다. 삼성전자와 두산중공업 등 한국기업은 물론 IBM 등 글로벌 기업이 들어서 있다. 이후 인도 남부 금융 도시 뭄바이와 벵갈루루 지점 인가를 동시에 신청하는 방안을 RBI와 협의할 계획이다.

◇‘수익 다변화’는 필수… IB와 WM에 집중 = 첸나이 지점은 최근 투자금융(IB) 현지 전문가를 채용했다. 앞으로 2~3명을 더 뽑아 IB팀을 만들려고 한다. 새로 생길 구르가온 지점에도 IB 담당자를 둘 계획이다. 국내기업을 대상으로 한 영업은 이미 ‘레드오션(경쟁이 치열한 시장)’이기 때문이다. 

하나은행은 현대차와 그 협력업체 등 자동차 산업에 편중된 영업 포트폴리오 다양화도 필요하다고 판단했다. 이용효 하나은행 첸나이지점장은 “그동안 한국계 은행이 한국기업 거래 등 단순 업무에 너무 치우쳐 있던 것 같다”며 “우리도 성장이 조금 정체되는 것 같아 차별화된 비즈니스가 필요하다고 생각했다”며 IB로 눈을 돌린 이유를 설명했다. 나렌드라 모디 총리가 인프라 구축 등 ‘모디노믹스’를 추진하고 있는 것도 이유다. 앞으로 5년간 1조 달러 투자가 예상된다.

최종 목표는 ‘현지화’다. 우선 탄탄한 현지 중견기업을 상대로 한 영업을 늘려나간다. 현재 첸나이 지점의 현지 기업 대출자산은 1000만 달러로, 전체의 5% 수준에 불과하지만 이 비중을 점차 높일 계획이다. 외환은행 강점을 살려 한국과 거래하는 인도 기업을 고객으로 삼아 무역금융 등도 한다. 무역금융은 수출에 필요한 자금을 지원하는 금융이다. 역외금융(해외 시장에서 자금을 조달해 해외 거래처에 대출해주는 금융방식)도 관심사다. 

소매금융(리테일)은 모바일 애플리케이션(앱) 등 디지털 뱅킹을 도입한 뒤 본격적으로 시작한다. 기술력이 뛰어난 인도계 은행이나 역사가 오래된 외국계 은행과 경쟁하려면 디지털 뱅킹이 필수라고 봤다. 우선 한국기업에 종사하는 현지 노동자가 첫 타깃이다. 이 지점장은 “현지인 수요는 있지만 비용이 많이 들어 아직 못하고 있다”며 “정보통신(IT) 기술을 업그레이드한 뒤 단계적으로 현지인을 고객으로 유치할 계획”이라고 했다. 부유층을 대상으로 한 자산관리(WM) 업무도 검토하고 있다. 

인도에 진출해 있는 하나생명과 하나카드 등 다른 계열사와 협업도 강화한다. 지주회사 차원에서 비은행권 인수합병(M&A)도 적극 검토하고 있는 것으로 알려졌다.

현지화가 어느 정도 궤도에 오르면 지점 현지 법인 전환도 검토할 계획이다. 몸집을 키우려면 인수합병이 필요한데, 외국계 은행으로선 RBI 승인을 받기 쉽지 않다. 높은 법인세와 전체 이사회 구성원의 절반 이상을 현지인으로 채워야 하는 등 현지 법인의 규제도 만만치 않다. 이 지점장은 “앞으로 규제 완화 정도를 봐서 중장기적으로 현지 법인 전환을 검토할 것”이라고 했다."
은행권 동향,"""장기보험 보상도 AI로"" 한화손보, 자동 보상처리 시스템 개발
","한화손해보험은 한화S&C와 함께 장기손해사정 자동 보상처리시스템인 '알파클레임'을 개발하고, 상표를 특허청에 출원했다.  '알파클레임'은 가입자의 보험금 청구 내역이 입력되면 인공지능(AI)이 빅데이터를 기반으로 사전에 설정한 지급 조건에 부합하는지 판별하고 지급 사유에 부합하면 즉시 보험금이 지급되는 방식이 될 것으로 보인다.  한화손보 관계자는 ""현재는 데이터 검증과 테스트 중인 단계""라며 ""과거에 팔았던 상품을 포함한 모든 상품 약관을 하나하나 수작업으로 AI에 입력한 후 계속 학습 시켜야 해 정식 도입까지는 시간이 걸릴 것""이라고 말했다. ","자동차보험에 이어 장기보험 보상업무에도 인공지능(AI)을 접목하는 기술이 도입될 전망이다. 장기보험 청구내역을 AI기술로 분석해 보험금 지급시간이 단축되는 효과가 기대된다.

17일 보험업계에 따르면 한화손해보험은 한화S&C와 함께 장기손해사정 자동 보상처리시스템인 '알파클레임'을 개발하고, 상표를 특허청에 출원했다. 

'알파클레임'은 가입자의 보험금 청구 내역이 입력되면 인공지능(AI)이 빅데이터를 기반으로 사전에 설정한 지급 조건에 부합하는지 판별하고 지급 사유에 부합하면 즉시 보험금이 지급되는 방식이 될 것으로 보인다.

한화손보 관계자는 ""현재는 데이터 검증과 테스트 중인 단계""라며 ""과거에 팔았던 상품을 포함한 모든 상품 약관을 하나하나 수작업으로 AI에 입력한 후 계속 학습 시켜야 해 정식 도입까지는 시간이 걸릴 것""이라고 말했다.

장기보험 보상업무에 AI기술을 도입하는 건 손보업계 처음이다. 앞서 한화손보는 자동차보험 보상에도 업계 최초로 AI로 사고 차량의 파손 상태를 판단해 수리비를 자동 산출하는 '수리비 자동 견적시스템'을 도입했다.

'수리비 자동견적시스템'은 사고 차량이 입고된 정비업체가 파손 상태 이미지를 보내면 AI가 범퍼, 바퀴덮개, 문짝 등 파손 부위와 정도별 수리비를 산출한다. 해당 AI는 차종, 연식, 수리방법 등 여러 경우의 수를 설정해 정비업체의 수리비 청구 금액과 비교한다.

한화손보의 행보에 다른 손보사들도 관심을 나타내고 있다. 손해보험업계 관계자는 ""태블릿 PC나 챗봇 등 영업현장에서는 AI기술을 활용하는 사례가 있지만, 보상업무에 도입한 사례는 아직 없다""며 ""전담부서에서 동향을 파악하며 검토 중인 단계""라고 말했다.

마침 보험개발원이 삼성SDS와 손잡고 개발 중인 'AI 이미지 견적 시스템'이 완료되면 속도가 진척될 것으로 보인다. AI 이미지 견적 시스템은 AI가 교통사고 사진을 판독해 자동차보험금을 자동 산출하는 손해사정 시스템이다. 

보험개발원은 이 시스템 개발이 완료되면 보완작업 후 전체 손보사에 제공할 예정이다. 이에 따라 이르면 내년부터 사고 시 차량 소유주가 차 파손 사진만 올려도 스스로 견적을 내고 수리 여부를 결정하는 셀프서비스도 가능할 전망이다.

김규동 보험연구원 연구위원은 ""블록체인과 AI 기술 등을 활용한 보험금 자동심사는 인슈테크의 핵심 영역""이라며 ""해당 기술을 갖췄는지 여부가 보험사 경쟁력 차이가 될 것""이라고 말했다."
은행권 동향,"[시장분석] 지방은행 산업의 특성과 성장
","은행연합회에서 발간하는 <은행통계자료>에 따르면, 최근 3년간 일반은행의 원화예수금과 원화대출금이 꾸준한 성장 추세를 보이고 있음을 확인할 수 있다. 그러나 2017년 정부의 가계부채 억제정책 시행에 따른 8.2 부동산대책의 영향으로 주택대출시장이 다소 위축되었으며 핀테크산업의 성장과 인터넷은행의 등장으로 인해 시장의경쟁범위가 확대되고 시장의 안정성이 저해되고 있어 지속적인 은행산업의 성장을 위하여 차별화된 영업 전략과 새로운 수익원 개발을 위한 노력이 요구되고 있다. ","은행업은 자금의 수요ㆍ공급의 중개, 산업발전을 위한 자금동원, 기업과 가계부문의 결제업무 등을 수행하는 산업이다. 특히, 고객들의 예금과 국내외의 차입금을 바탕으로 민간과 공공부문에 각종 필요자금을 공급해주는 자금중개의 역할을 수행하고 있어 국내 산업발전과 국가경제에 미치는 영향이 매우 큰 산업이라 할 수 있다.

은행의 고유업무는 불특정 다수로부터 예금ㆍ적금등을 수입하거나 유가증권 및 그 밖의 채무증서의 발행으로 자금을 조달하여 자금을 필요로 하는 수요자에게 대출 등의 형태로 자금을 공급하는 자금중개업무이며, 이러한 고유업무 이외에 부수업무와 겸영업무를 운영하고 있다. 

부수업무는 은행이 고유업무를 수행함에 따라 부수적으로 영위하게 되는 업무, 또는 사회ㆍ경제적 필요에 따라 수행하게 되는 업무이며 은행법에서 정하는 부수업무 이외에도 필요에 따라 신고 및 인가를 받아 부수업무를 운영할 수 있다. 대표적인 부수업무는 채무의 보증 또는 어음의 인수, 팩토링, 수납 및 지급대행, 지방자치단체의 금고대행과 전자상거래와 관련한 지급대행 업무 등 이다. 


겸영업무란 은행업 본연의 업무는 아니지만, 은행업무와 밀접한 연관성을 띠고 있어 관련 법령에 따라 인가ㆍ허가 및 등록 등을 통해 영위하는 업무다. 은행이 운영하는 주요 겸영업무는 신탁업, 신용카드업, 파생상품의 매매ㆍ중개업, 투자매매ㆍ중개ㆍ일임업, 보험대리점업 등 이다.

우리나라의 예금은행은 은행법에 의해 설립되어 동 법의 규제를 받는 일반은행과 개별은행법(특수은행법)에 의해 설립되어 동 법의 규제를 받는 특수은행으로 나뉘어진다. 일반은행은 다시 시중은행과 지방은행, 그리고 외국은행 국내지점과 인터넷전문은행으로 구분되지만 1998년 11월의 규제완화로 인해 사실상 은행들 간의 구분은 무의미하게 되었다. 외환위기 이전 26개에 달하던 일반은행(외국은행국내지점 제외) 중 조흥, 평화, 한빛, 서울은행 등 다수의 은행이 구조조정을 통하여 타 은행에 합병되었으며, 현재 6개의 시중은행과 6개의 지방은행, 5개의 특수은행과, 2개의 인터넷은행이 영업중에 있다.

은행연합회에서 발간하는 <은행통계자료>에 따르면, 최근 3년간 일반은행의 원화예수금과 원화대출금이 꾸준한 성장 추세를 보이고 있음을 확인할 수 있다. 그러나 2017년 정부의 가계부채 억제정책 시행에 따른 8.2 부동산대책의 영향으로 주택대출시장이 다소 위축되었으며 핀테크산업의 성장과 인터넷은행의 등장으로 인해 시장의경쟁범위가 확대되고 시장의 안정성이 저해되고 있어 지속적인 은행산업의 성장을 위하여 차별화된 영업 전략과 새로운 수익원 개발을 위한 노력이 요구되고 있다.

은행업은 경기변동에 따른 영향을 많이 받는 업종 중 하나다. 기업고객의 경우 경기의 호전과 불황 여부에 따라 자금수요가 증가 또는 감소하는 패턴을 보이는데다,기업의 신용위험 역시 경기변동에 따라 높아지거나 낮아져 금융산업의 경영활동에 큰 영향을 미치고 있다. 개인고객의 경우에도 경기의 호ㆍ불황에 따라 자금운용의 패턴이 달라지고 있는 만큼 이러한 경기변동성에 적절히 대응하여 성장전략과 위험관리전략, 유동성관리전략을 수립해 나가는 것이 중요한 과제라 하겠다.


금융의 개방화ㆍ자율화ㆍ국제화의 진전으로 그동안 국내 은행들을 보호해 왔던 각종유ㆍ무형의 보호막과 규제장벽이 철폐되면서 은행 간의 우열이 갈수록 뚜렷하게 드러나고 있다. 은행 대형화 경향에 더하여 은행의 겸업화도 진전되어 은행과 보험,은행과 증권의 전략적 제휴가 더욱 활성화되는 등 전반적인 은행업의 산업구조와 서비스 수준이 선진화되는 양상을 보이고 있다. 한편, 국외의 재정위기나 유가변동과 같은 대외적 불안요인과 중소기업 및 가계여신의 건전성에 대한 우려, 금융산업의경쟁범위 확대와 규제강화의 흐름 등은 은행산업의 안전성을 저해하는 요인으로 작용할 수 있다. 

은행업은 국가 금융정책 및 취급상품의 특수성으로 인해 완전 경쟁구조는 갖추지 못하고 있으나 과거보다는 상당히 경쟁적 구조로 바뀌었다. 금융회사 상호간의 겸업주의 확대, 중소기업 금융, 주택금융, 금융채 등과 같은 독점적 금융상품에 대한 영역이 개방되었을 뿐 아니라 은행과 증권, 은행과 보험 등 다른 업종과의 전략적 업무제휴가 확대되고, 우체국 및 저축은행 등의 공세가 강화되어 은행업을 둘러싼 경쟁이갈수록 치열해지는 양상을 보이고 있다. "
은행권 동향,"외국인 금융서비스 '틈새 노리는 은행들'
","금융권에 따르면 한국산업인력공단은 최근 외국인근로자 휴면보험금 운용과 해외송금 업무를 담당할 은행사 선정에 착수했다.  전담은행에 선정되면 외국인근로자 입국 전부터 국내 취업, 본국 귀국까지 전 과정에 걸쳐 금융서비스를 제공할 수 있게 된다. 또한 외국인 특화상품이나 맞춤형 금융서비스도 외국인근로자에게 제공할 수 있게 된다.  공단측은 전담은행 선정 조건으로 '휴면보험금 모바일접수시스템 구축'을 제시했다.","외국인근로자 고객 확보를 위한 은행권의 각축전이 치열해질 전망이다. 

금융권에 따르면 한국산업인력공단은 최근 외국인근로자 휴면보험금 운용과 해외송금 업무를 담당할 은행사 선정에 착수했다. 

전담은행에 선정되면 외국인근로자 입국 전부터 국내 취업, 본국 귀국까지 전 과정에 걸쳐 금융서비스를 제공할 수 있게 된다. 또한 외국인 특화상품이나 맞춤형 금융서비스도 외국인근로자에게 제공할 수 있게 된다. 

공단측은 전담은행 선정 조건으로 '휴면보험금 모바일접수시스템 구축'을 제시했다.
 
공단측은 ""공단 소속기관에 방문하거나 팩스로 접수했던 기존 방식에서 벗어나 휴면보험금 모바일접수시스템을 활용해 언제, 어디서나 실시간으로 휴면보험금을 신청할 수 있도록 외국인근로자에게 편의를 제공하기 위한 측면이 있다""고 설명했다. 

이에 따라 은행들은 휴면보험금의 온라인 신분인증시스템 구축, 외국인근로자를 위한 다양한 언어 구현, 영문성명·외국인등록번호와 같은 휴면보험금 관련 전송데이터 관리 역량을 검증받게 될 것으로 보인다. 

휴면보험금 운용방안도 주 평가요소다. 

공단측은 휴면보험금을 정기예금으로 예치해 만기 시 운용방안을 결정하고, 그 이외의 금액은 MMDA에 예치해 유동성을 확보하기를 원하고 있다. 

따라서 은행이 제시하는 MMDA의 이자율과 예상이자수익액이 평가에 영향을 줄 것으로 예상되고 있다. 

공단은 휴면보험금통합관리시스템의 안정적인 인계도 요구했다. 

공단은 소멸시효가 완성된 외국인근로자 휴면보험금 개인정보를 전담보험사로부터 이관받아 휴면보험금 조회, 신청, 국내외 송금 기능을 갖춘 대량 해외송금시스템을 오픈한 바 있다.
 
해외송금시스템은 휴면보험금 신청자의 지급대상 여부를 조회할 수 있고, 국내송금과 외국환거래신청서 작성이 필요 없는 해외송금을 지원하고 있다. 

공단측은 ""전담은행사는 공단의 휴면보험금통합관리시스템과 자사의 CMS를 연결해 현재 수준의 국내 및 해외송금시스템을 구현해야 한다""고 밝혔다. 

이외에도 외국인근로자 편익 및 서비스 제고방안과 국내외 휴면보험금 찾아주기 활성화 방안 제시도 평가요소로 제시됐다. 

업계 관계자는 ""국내에 체류하는 외국인 수가 200만명을 돌파했고, 향후 300만명을 넘어설 것이라는 전망도 나오고 있다""며 ""새로운 고객층으로 부각되고 있는 외국인근로자를 확보하기 위한 경쟁이 치열해지고 있는 가운데 한국산업인력공단 전담은행 선정에도 관심이 모이고 있다""고 밝혔다. "
보험업계 동향,"""생보사-손보사 3분기 실적 '희비'...車 손해율에 발목""
","삼성생명과 한화생명, 오렌지라이프, 동양생명 등 4개 생명보험사의 3분기 순익은 전년동기 대비 4.3% 증가한 5804억원을 제시했다. 전년동기의 기저효과와 4개사 합산 시차이익이 전년대비 1000억원 늘겠지만, 보험료 수익(매출) 감소영향으로 시장 기대치를 3% 하화할 것으로 전망했다.","손해보험사들이 올 3분기에 자동차보험 손해율 악화 등으로 부진한 실적을 거둘 전망이다. 다만 실손 및 자동차 요율 인상 이슈가 내년에 대한 실적기대감을 높이고 있다.

김도하 SK증권 연구원은 19일 ""9개 보험사의 3분기 합산 순이익은 전년동기 대비 2.0% 감소한 1조1727억원으로, 시장 컨센서스(전망치)를 3% 하회할 전망""이라고 예상했다.

그에 따르면 삼성화재와 DB손해보험, 현대해상, 메리츠화재, 한화손해보험 등 5개 손보사의 3분기 순익은 전년동기 대비 7.5% 감소한 5923억원을 기록할 전망이다. 이는 자동차손해율이 전년대비 평균 7%포인트 상승하고 사업비율이 평균 1%포인트 악화된데 따른 추정치다. 다만 신계약 매출 감소 및 경쟁강도의 완화로 사업비율 및 순사업비 규모는 2분기 대비 줄어들 것으로 예상했다.

삼성생명과 한화생명, 오렌지라이프, 동양생명 등 4개 생명보험사의 3분기 순익은 전년동기 대비 4.3% 증가한 5804억원을 제시했다. 전년동기의 기저효과와 4개사 합산 시차이익이 전년대비 1000억원 늘겠지만, 보험료 수익(매출) 감소영향으로 시장 기대치를 3% 하화할 것으로 전망했다.

김 연구원은 ""3분기에 상장 보험사 전반적으로 실적부진이 전망되나 손해보험주에 대한 투자매력도는 높다""며 ""손보사의 이익감소율은 상반기를 저점으로 축소되고 내년 경상 영업이익은 5개사 합산으로 전년동기 대비 15.5% 증가할 것으로 추정된다""고 밝혔다.

그는 하반기 손보업종의 두 가지 이슈로 실손 요율 및 자동차 요율 결정을 꼽았다. 김 연구원은 ""실손 요율의 불확실성은 공사보험 협의체를 통해 구(舊) 실손상품의 내년 초 요율 인상이 결정되면서 긍정적으로 해소됐다""며 ""남은 과제인 자동차 요율은 국정감사 일정 고려 시 10월 말에서 11월 초 결정될 것으로 예상되는데, 3% 내외의 인상률이 결정된다면 중립적, 이를 상회할 경우 긍정적인 신호가 될 것""이라고 내다봤다.

김 연구원은 ""보험업 선호주로는 실적 안정성 및 자본확충 여력이 가장 높은 DB손해보험과 배당매력이 높은 삼성화재를 추천한다""며 투자의견은 매수(Buy), 목표주가는 각각 8만7000원, 34만3000원을 제시했다.

초이스경제는 그러나 ""이 기사는 단순한 참고용 자료로만 활용되길"" 강력 희망한다. 특정 기업에 대한 분석 내용은 분석하는 기관마다 다를 수 있는 데다, 주식투자는 늘 위험한 특성을 지니고 있기 때문이다."
보험업계 동향,"메리츠화재의 변신은 무죄?
",지난 2016년 대규모 감원에다 점포 축소 등으로 내부 동요가 컸던 메리츠화재가 이제는 근무환경이 좋은 회사로 부상하고 있다. 18일 보험업계에 따르면 메리츠화재는 오후 6시 반이면 사내 컴퓨터가 자동으로 종료되는 PC오프제가 거의 완벽하게 지켜지고 있다. 그러다 보니 직원들의 근무환경에 대한 호평도 이어지고 있다는 후문이다. 한때는 매각을 위해 대거 감원에 나선 게 아니냐는 오해를 받았지만 2년여 만에 반전을 보인 것이다. ,"‘메리츠화재의 변화는 무죄다?’  

지난 2016년 대규모 감원에다 점포 축소 등으로 내부 동요가 컸던 메리츠화재가 이제는 근무환경이 좋은 회사로 부상하고 있다. 18일 보험업계에 따르면 메리츠화재는 오후 6시 반이면 사내 컴퓨터가 자동으로 종료되는 PC오프제가 거의 완벽하게 지켜지고 있다. 그러다 보니 직원들의 근무환경에 대한 호평도 이어지고 있다는 후문이다. 한때는 매각을 위해 대거 감원에 나선 게 아니냐는 오해를 받았지만 2년여 만에 반전을 보인 것이다. 특히 올해부터 연차 휴가 신청시 부서장 결재를 거치지 않고 인사팀에 바로 통보되도록 제도가 바뀌면서 직원들은 누구의 눈치도 보지 않고 언제든지 자유롭게 휴가를 가는 문화도 정착됐다. 연속 10일 이내의 연차는 직원이 필요하면 언제든 사용할 수 있고 부서장에게는 휴가 사용 일주일 전에 통보만 하면 된다. 이렇다 보니 6~7년 차 직원들의 경우 약 20일 내외의 휴가를 모두 사용하는 게 비일비재한 상황이다. 부장급 직원들도 한 달에 2~3일씩 휴가를 쓰는 게 흔한 풍경이 됐다. 사내에서는 김용범 부회장 취임하면서 나타난 눈에 띄는 변화 중 하나라고 입을 모은다. 6시 반에 사내 컴퓨터를 모두 종료시키는 PC오프제 도입과 자유로운 휴가 보장이 모두 김 부회장의 의지 때문에 빠르게 정착돼서다. 근무 만족도가 상승하자 직원들의 퇴사율은 과거보다 눈에 띄게 줄었다고 한다. ‘혁신 아이콘’으로도 불리는 김 부회장의 실험이 작은 성과를 내기 시작했고, 이는 시작에 불과하다는 관측이 나온다."
보험업계 동향,"이철영 현대해상 부회장 ""신성장동력 발굴, 보험외시장도 도전""
","이철영 현대해상 부회장은 17일 서울 광화문 본사 대강당에서 열린 창립 63주년 행사에서 ""4차 산업형명 등 새로운 산업환경에 대비해 보험업계 변화를 주도하고 신성장동력 발굴에 힘쓸 것""이라고 발표했다. 이날 이 부회장은 기념사에서 ""현대해상은 지난 1955년 창립이래 손해보험 전 영역에서 고르게 성장했지만 올해 하반기 경제성장률 둔화와 보험업계 내 치열한 경쟁이 예상된다""고 우려했다. 이어 ""수익성 재점검과 영업경쟁력 제고에 힘써달라""면서 ""오는 2021년 시행되는 새 국제회계기준(IFRS17) 도입에 대비해 연착륙할 수 있도록 만전을 기해줄 것""을 당부했다.","현대해상이 창립 63주년을 맞아 '4차 산업혁명에 대비한 신 성장동력 발굴'을 기치로 보험 외 신규시장도 끊임없이 도전한다.

이철영 현대해상 부회장은 17일 서울 광화문 본사 대강당에서 열린 창립 63주년 행사에서 ""4차 산업형명 등 새로운 산업환경에 대비해 보험업계 변화를 주도하고 신성장동력 발굴에 힘쓸 것""이라고 발표했다. 

이날 이 부회장은 기념사에서 ""현대해상은 지난 1955년 창립이래 손해보험 전 영역에서 고르게 성장했지만 올해 하반기 경제성장률 둔화와 보험업계 내 치열한 경쟁이 예상된다""고 우려했다. 

이어 ""수익성 재점검과 영업경쟁력 제고에 힘써달라""면서 ""오는 2021년 시행되는 새 국제회계기준(IFRS17) 도입에 대비해 연착륙할 수 있도록 만전을 기해줄 것""을 당부했다.

그는 ""4차 산업혁명 패러다임에 대비해 디지털 전략의 구체적인 실행계획을 바탕으로 변화를 주도할 것""이라며 ""보험영역 외에도 신규시장에 대한 끊임없는 도전과 신성장동력을 발굴해 새로운 산업환경에 대비하겠다""고 말했다.

현대해상은 1955년 '동방해상보험'이란 이름으로 국내 최초 해상보험 전업회사로 출범했다. 지난 1985년 10월 사명을 지금의 '현대해상화재보험'으로 바꾼 뒤 63년간 손해보험 업계를 선도해왔다. 2009년 자산 10조원 시대를 열었고 올해에는 총자산 40조원, 운용자산 33조원을 돌파했다."
보험업계 동향,"'사공 많은 배' 삼성생명 대리점 통합 난항
",삼성생명 전속 법인대리점협의회(이하 성대협)가 주도하던 산하 대리점 통합 작업이 소속사들 간 의견 차이로 차질을 빚으면서 예정보다 늦어지고 있다. 성대협은 올해 7월부터 본격적으로 협회에 소속돼 있는 삼성생명 전속 대리점들을 하나로 묶어 GA로 새롭게 출범하는 방안을 추진해 왔다. 당시만 해도 300여개의 대리점들 중 절반 이상이 이에 찬성하면서 이르면 내년 1월쯤 공식적으로 통합 법인을 설립할 수 있을 것이란 관측이 나오기도 했다. 하지만 최근 들어 각 대리점 설계사들 사이에서 통합에 반대하는 목소리가 나오기 시작하면서 분위기가 반전된 것으로 전해졌다. 아무래도 GA 설립 과정에서 발생하는 영업 공백이나 계약 이관 문제 등이 설계사들에게 부담 요인으로 작용하면서 참여율이 예상보다 떨어지고 있다는 것이다.,"단일 독립법인대리점(GA)으로 통합을 추진하던 삼성생명 전속 대리점들의 행보에 제동이 걸리고 있다. 논의 초반 대리점들이 GA로의 일원화에 뜻을 같이하겠다며 기대감을 높였지만 막상 세부 조율에 들어가자 이견이 드러나며 난항을 겪는 모양새다. 보험업계에서 GA의 영향력이 날로 커지는 가운데 국내 최대 보험사에서 경험을 쌓은 영업인들의 이합집산 여부를 두고 직접 당사자인 삼성생명은 물론 보험업계 전체의 이목이 쏠리고 있다.

16일 보험업계에 따르면 최근 들어 삼성생명 전속 법인대리점협의회(이하 성대협)가 주도하던 산하 대리점 통합 작업이 소속사들 간 의견 차이로 차질을 빚으면서 예정보다 늦어지고 있다.

성대협은 올해 7월부터 본격적으로 협회에 소속돼 있는 삼성생명 전속 대리점들을 하나로 묶어 GA로 새롭게 출범하는 방안을 추진해 왔다. 당시만 해도 300여개의 대리점들 중 절반 이상이 이에 찬성하면서 이르면 내년 1월쯤 공식적으로 통합 법인을 설립할 수 있을 것이란 관측이 나오기도 했다.

하지만 최근 들어 각 대리점 설계사들 사이에서 통합에 반대하는 목소리가 나오기 시작하면서 분위기가 반전된 것으로 전해졌다. 아무래도 GA 설립 과정에서 발생하는 영업 공백이나 계약 이관 문제 등이 설계사들에게 부담 요인으로 작용하면서 참여율이 예상보다 떨어지고 있다는 것이다.

성대협은 아직 이들과 논의를 계속하고 있는 만큼 조만간 합의점을 찾아 통합 GA 출범을 위한 절차를 이어가겠다는 의지를 내보이고 있다. 하지만 보험업계에서는 통합에 별다른 변수가 없던 것처럼 여겨졌던 초반 상황과 비교하면 불과 몇 달 새 크게 달라진 분위기라는 평이 나온다. 일각에서는 사실상 통합 작업이 무산된 것 아니냐는 얘기마저 나온다.

이 같은 삼성생명 전속 대리점들의 단일화에 남다른 관심이 쏠리는 것은 이들의 통합법인 설립이 현실화할 경우 시장에 미칠 영향력이 상당할 것으로 보이기 때문이다. 삼성생명 상품만을 판매하는 전속 채널은 개인 설계사와 전속 대리점 등으로 나뉘는데, 이중 전속 대리점 소속 설계사만 1만명을 상회하는 것으로 알려져 있다.

특히 최근 보험 영업에서 GA가 차지하는 위상이 눈에 띄게 올라가고 있는 현실과 맞물려 더욱 주목을 끄는 상황이었다. GA는 다수의 보험사와 제휴를 통해 운용되는 보험 대리점으로 이른바 보험 백화점으로 불린다. GA 설계사는 특정 보험사 상품만 모집할 수 있는 전속 설계사와 달리 다양한 보험사 상품을 가지고 영업을 할 수 있다. 소비자들 입장에서는 여러 상품을 비교해 보고 가입을 결정할 수 있다.

이런 장점에 힘입어 GA의 연간 보험 시장 판매 점유율은 올해 처음으로 50%를 넘길 것으로 전망된다. 지난해 보험 모집액에서 GA의 비중은 49.4%로 거의 절반에 육박하는 수준까지 올라온 상태다.

만약 성대협이 현재의 소속 대리점들을 하나의 법인으로 합치면 단숨에 GA 시장에서 지배적 사업자로 등극할 수 있다. 현재 1만명 이상의 설계사를 보유한 GA는 3~4군데 정도다. 이들이 어떤 상품을 밀어주느냐에 따라 보험사의 실적도 크게 달라질 수 있는 만큼 성대협이 통합 GA 출범에 성공할 경우 보험업계에서 강력한 협상력을 가질 것으로 보인다.

보험업계 관계자는 ""설계사 1만명 규모의 초대형 GA가 새로 생겨난다면 다른 보험사나 판매 채널에도 적지 않은 영향을 미치게 될 것""이라며 ""특히 성대협의 경우 국내 최대 보험사인 삼성생명 아래서 경험을 쌓은 영업인들의 조직이라는 점에서 그 파급력에 대한 주목도가 남다를 수밖에 없다""고 말했다."
증권업계 동향,"미래에셋대우 차세대시스템 '갈 길 멀다'
",미래에셋대우가 차세대 전산시스템을 도입한 직후부터 현재까지 홈트레이딩시스템(HTS)과 모바일트레이딩시스템(MTS) 오류가 계속되면서 고객의 불만 접수도 이어지고 있다. 미래에셋대우는 지난 8일부터 국내주식과 해외주식 증거금을 하나로 통합한 통합증거금 제도와 소액이체서비스 등을 적용한 차세대시스템을 가동했다.,"미래에셋대우(006800) 차세대시스템의 오류가 계속되면서 고객들이 불만을 쏟아내고 있다. 거래가 잘못 이뤄지는 문제는 아직 나오지 않았지만 보유 주식이나 잔고 등이 제대로 표시되지 않는 일이 끊이지 않으면서 불안감을 호소하는 상황이다.
 
18일 금융투자업계 등에 따르면 미래에셋대우가 차세대 전산시스템을 도입한 직후부터 현재까지 홈트레이딩시스템(HTS)과 모바일트레이딩시스템(MTS) 오류가 계속되면서 고객의 불만 접수도 이어지고 있다.
 
미래에셋대우는 지난 8일부터 국내주식과 해외주식 증거금을 하나로 통합한 통합증거금 제도와 소액이체서비스 등을 적용한 차세대시스템을 가동했다.

새 시스템 적용 당일 발생한 접속 지연과 같은 장애는 해결했지만 주식 보유잔고가 제대로 표시되지 않는 등의 문제는 여전하다.
 
차세대시스템 가동 열흘이 지난 지금도 온라인 커뮤니티에는 평균 매수가·잔고가 0으로 표시됐다거나 보유 주식이 일부만 표현된 오류로 불편을 겪었고 불안하고 불편하다는 내용의 글이 이어지고 있다. 거래 증권사를 다른 곳으로 옮겼다는 투자자들도 등장하는 상황이다.
 
이에 대해 미래에셋대우 관계자는 ""시스템 가동 첫날 중요 장애를 모두 잡았고 차세대시스템에 근본적인 문제는 없는 상태""라며 ""화면상 수치가 제대로 표시되지 않는 일이 일부 발생하고 있지만 계속 바로 잡아가고 있고 실제 거래에는 이상이 없이 이뤄지고 있다""고 설명했다.
 
일각에서는 통상 새로운 시스템을 도입하면 안정화 기간이 필요하다는 점에서 고객들이 과민반응하는 것 아니냐는 지적도 있다. 하지만 투자자들의 입장은 다르다.
 
A 투자자는 ""대우증권과 미래에셋증권 합병 이후 전산 장애가 수차례 반복되면서 불안감이 쌓였고 대우증권 HTS보다 편의성과 안정성이 떨어지는 미래에셋증권 HTS로 옮기면서 불편함도 커졌다""며 ""달러환율 스프레드도 합병 후 기존 2원에서 5원으로 올랐다""고 말했다.
 
대우증권이 미래에셋증권으로 합병되면서부터 쌓인 불만감이 차세대시스템 장애를 계기로 터져 나오고 있다는 얘기다.
 
미래에셋대우는 지난해에만 세 번의 전산장애가 있었고 최고정보책임자(CISO)가 경질되기도 했다. 올해 6월에는 대우증권 HTS 서비스를 전면 중단하고 미래에셋증권 HTS를 사용하도록 하면서 고객 불만이 속출했다.
 
미래에셋대우 관계자는 ""고객의 글로벌 포트폴리오 관리 편의성을 높이고 선진화된 투자 환경을 만들기 위해 대규모 인력과 비용을 투입해 새로운 시스템을 만들었다는 본래의 취지를 조금만 더 이해해줬으면 하는 바람""이라며 ""현재도 절차에 따라 신속하게 보상을 진행하고 있고 고객센터나 지점을 통해 불만이 접수되면 빠른 대응으로 고객 불편을 최소화하기 위해 노력하겠다""고 말했다."
증권업계 동향,"금감원, 미래에셋대우 종합검사 착수
","금감원은 ""이번 종합검사는 그동안 중복적으로 부문검사를 받았던 대형 증권회사의 수검 부담을 완화하면서 유인부합적 종합검사를 내년에 도입하기 압서 시범 실시 방안의 일환으로 이뤄지는 것""이라고 설명했다. 유인부합적 종합검사는 우수한 금융사의 경우 종합 검사의 부담을 덜고 금융사 스스로 취약부문 개선에 나설 유인을 제공하는 검사 방침을 말한다.금감원은 내년에도 대형 증권회사를 중심으로 종합검사를 실시할 계획이다.","금융감독원이 오는 15일부터 다음달 6일까지 17영업일간 미래에셋대우(6,690200 -2.90%) 업무 전반에 대해 종합검사를 실시한다. 검사인원은 22명으로 5개 검사반으로 구성했다. 

금감원은 지난 3월 2018년 금융투자회사 검사계획을 발표하면서 대형금융투자회사의 수검부담을 완화하기 위해 올해 중 2~3개 초대형 투자은행(IB)을 중심으로 종합검사를 실시키로 했다. 앞서 한국투자증권(5월8일~6월1일), NH투자증권(6월27일~7월20일)이 종합검사를 받은 바 있다.

미래에셋대우는 지난해 초대형 IB핵심사업인 단기금융업 인가를 신청했으나 공정거래위원회의 그룹 조사가 진행중이어서 심사가 중단된 상태다.

금감원은 ""이번 종합검사는 그동안 중복적으로 부문검사를 받았던 대형 증권회사의 수검 부담을 완화하면서 유인부합적 종합검사를 내년에 도입하기 압서 시범 실시 방안의 일환으로 이뤄지는 것""이라고 설명했다. 유인부합적 종합검사는 우수한 금융사의 경우 종합 검사의 부담을 덜고 금융사 스스로 취약부문 개선에 나설 유인을 제공하는 검사 방침을 말한다.
금감원은 내년에도 대형 증권회사를 중심으로 종합검사를 실시할 계획이다."
증권업계 동향,"한투·NH투자증권 종합검사 결과 내달 중순 나온다
","금감원은 지난 5월8일부터 6월1일까지 한국투자증권을, 6월27일부터 7월20일까지 NH투자증권에 대한 종합검사를 마쳤다. 당시 증권사별 담당 인력 20여명이 현장에 배치해 강도 높은 조사를 벌였다. 금감원은 현재 전반적인 조사는 끝났고 해당 기업을 대상으로 확인 작업 및 제재 수위를 논의중이다. 두 회사의 종합검사 결과는 다른 날 나온다. 조사에 들어간 순서대로 한국투자증권, NH투자증권 순으로 예상된다. 지난 15일부터 시작한 미래에셋대우의 종합검사는 내년 4~5월쯤 결과가 나올 예정이다. 부당행위의 수위가 높다면 발표 시기가 다소 늦어질 수 있다. 과태료·과징금 수준의 징계일 경우 금융투자검사국이 조사한 자료를 토대로 금감원 임원회의, 금감원장 승인으로 결론을 낸다.","금융감독원이 지난 5월부터 실시해온 초대형 IB 증권사 2곳의 종합검사 결과가 내달 나온다. 부정행위가 적발될 경우 과징금과 과태료뿐 아니라 직원 문책, 기관경고까지 취해질 수 있어 업계 긴장감이 높다. 

16일 금융당국 및 증권업계에 따르면 금감원은 올해 처음으로 시작한 한국투자증권과 NH투자증권의 종합검사를 마무리하고 내달 중순쯤 결과를 내놓을 예정이다.


금감원은 지난 5월8일부터 6월1일까지 한국투자증권을, 6월27일부터 7월20일까지 NH투자증권에 대한 종합검사를 마쳤다. 당시 증권사별 담당 인력 20여명이 현장에 배치해 강도 높은 조사를 벌였다. 금감원은 현재 전반적인 조사는 끝났고 해당 기업을 대상으로 확인 작업 및 제재 수위를 논의중이다.

두 회사의 종합검사 결과는 다른 날 나온다. 조사에 들어간 순서대로 한국투자증권, NH투자증권 순으로 예상된다. 지난 15일부터 시작한 미래에셋대우의 종합검사는 내년 4~5월쯤 결과가 나올 예정이다.

부당행위의 수위가 높다면 발표 시기가 다소 늦어질 수 있다. 과태료·과징금 수준의 징계일 경우 금융투자검사국이 조사한 자료를 토대로 금감원 임원회의, 금감원장 승인으로 결론을 낸다.

하지만 사안이 중대할 경우 금융위원회의 심의, 승인도 받아야 한다. 이 경우 금융위원회 산하 증권선물위원회에 회부돼 논의하는 과정을 거친다. 발표가 늦어질수록 제재 수위가 높을 가능성이 있다. 

대형 증권사를 대상으로 벌이는 이번 종합검사는 비정기적인 조사다. 자기자본 4조원 이상인 미래에셋대우와 NH투자증권, 한국투자증권, 삼성증권, KB증권 등 5개 증권사가 우선 타깃. 종합적인 경영실태 평가와 대출·리스크 관리 현황, 불법 행위 여부 등을 주로 들여다본다.

금감원 금융투자검사국 관계자는 “한국투자증권과 NH투자증권에 대한 종합검사를 내부적으로 끝내고 마지막 검토 작업중”이라며 “특별한 사유가 발생하지 않으면 조사 결과를 내달 공개할 것”이라고 말했다. 이어 “다만 종합검사 결과가 금융위 조사까지 이어질 경우 다소 지연될 수는 있다”고 덧붙였다. 

이번 조사는 예전에 이뤄지던 부문검사보다 강도가 높았다는 게 업계 안팎의 전반적인 시각이다. 증권사들의 비즈니스 영역이 주식 중개를 벗어나 부동산 프로젝트파이낸싱(PF), 신탁업을 포함한 종합 금융사로 변화하고 있다는 점에서 경영 실태뿐 아니라 내부적인 통제 시스템에 대한 대대적인 조사도 이뤄졌다. 

최근 증권사에서 발생한 잇단 금융사고도 종합검사를 보다 세밀하게 진행하도록 했다. 부실 우려를 찾아 재발방지를 막겠다는 의지가 어느때보다 컸던 것으로 전해진다. 올해 삼성증권은 112조원대 우리사주 ‘배당사고’로 사회적 혼란을 일으켰다. 배당금을 입금하는 과정에서 현금 대신 주식이 들어간 것. 금감원은 삼성증권에 업무정지 6개월과 과태료 1억4400만원을 부과했다. 게다가 오는 2021년 1월25일까지 2년간 신규사업 인가가 중단됐다. 이 사고로 주가가 급락해 개인투자자의 피해가 적지 않았고 국민연금도 상당규모의 평가손실을 겪기도 했다.

또 유진투자증권은 전자단기사채 우회 매수 혐의로 기관경고와 과태료 2억5000만원을 부과받았다. 직원의 회사자금 횡령으로 제재를 받기도 했다. KB증권에서도 직원이 고객 휴면계좌에 있는 투자금을 횡령하는 사건이 발생해 문제를 일으켰다.

한 증권사 고위 관계자는 “금감원이 순차적으로 대형 증권사를 대상으로 종합검사를 벌이고 있어 이번 결과 내용을 예의주시하고 있다”며 “증권업계가 자체적으로 관리시스템을 강화하고 있어 강력한 제재 가능성은 낮을 것으로 본다”고 전했다. "
증권업계 동향,"신한금융투자, 앱 일체형 모바일 OTP 서비스 실시
","신한금융투자의 모바일 OTP 서비스는 ‘신한i 알파’에서 비대면 실명확인 절차로 신분증 촬영을 거치면 바로 이용할 수 있다. 모바일 OTP 서비스를 이용할 경우 보안카드, OTP 등을 별도 소지할 필요없이 계좌이체, 인증, 고객정보관리 등의 업무를 간편하게 이용할 수 있다. 또한 모바일 OTP가 발급된 휴대전화의 신한i 알파에서 계좌 이체 등을 진행할 경우 별도의 OTP 숫자 입력이 필요 없이 자동으로 보안검증이 이루어지는 것도 특징이다.","신한금융투자는 실물 OTP(일회용 비밀번호 생성기)) 없이 사용가능한 ‘모바일 OTP’ 서비스를 제공한다고 16일 밝혔다.


신한금융투자의 모바일 OTP 서비스는 ‘신한i 알파’에서 비대면 실명확인 절차로 신분증 촬영을 거치면 바로 이용할 수 있다. 모바일 OTP 서비스를 이용할 경우 보안카드, OTP 등을 별도 소지할 필요없이 계좌이체, 인증, 고객정보관리 등의 업무를 간편하게 이용할 수 있다. 또한 모바일 OTP가 발급된 휴대전화의 신한i 알파에서 계좌 이체 등을 진행할 경우 별도의 OTP 숫자 입력이 필요 없이 자동으로 보안검증이 이루어지는 것도 특징이다.

모바일 OTP 서비스는 모바일 OTP를 발급받지 않은 타 스마트기기나 PC에서도 이용이 가능하다.

신한금융투자는 11월 9일까지 기존 실물 OTP 또는 보안카드에서 모바일 OTP로 변경한 고객 600명에게 스타벅스 커피 기프티콘을 지급한다. 또한, 모바일 OTP 이용고객을 추첨해 갤럭시워치 2018, 3만원권 백화점 상품권, 영화 예매권 등 다양한 상품을 제공하는 이벤트도 11월 9일까지 함께 진행한다.

모바일 OTP 서비스 및 이벤트와 관련한 자세한 내용은 신한금융투자 고객지원센터를 통해 문의 가능하다."
증권업계 동향,"신한금융-KKR, 왜 손 잡았나
","신한금융지주가 지난달 세계 3대 사모펀드(PEF) 운용사인 콜버그크래비스로버츠(KKR)와 업무협약(MOU)을 맺은 것은 그룹내 자본시장 경쟁력을 강화하기 위해서다. 신한지주 관계자는 ""KKR의 펀드 운용 노하우를 배우고 자산을 공동으로 운영하게 된다""고 설명했다. 업계에선 신한지주와 KKR이 최대 5조원 가량의 PEF를 조성할 것이란 관측도 나오고 있다.","신한금융지주가 지난달 세계 3대 사모펀드(PEF) 운용사인 콜버그크래비스로버츠(KKR)와 업무협약(MOU)을 맺은 것은 그룹내 자본시장 경쟁력을 강화하기 위해서다. 신한지주 관계자는 ""KKR의 펀드 운용 노하우를 배우고 자산을 공동으로 운영하게 된다""고 설명했다. 업계에선 신한지주와 KKR이 최대 5조원 가량의 PEF를 조성할 것이란 관측도 나오고 있다.

KKR과 MOU를 맺기 열흘 전인 지난달 10일 신한지주는 GMS(Global Markets&Securities)사업부문의 비전을 선포했다. GMS는 신한은행과 신한금융투자, 신한생명 3개 계열사의 자산을 통합 운영하는 조직으로 올해초 출범했다. 조용병 회장은  GMS 비전으로 '아시아 리딩 트레이딩그룹(Asia Leading Trading Group)'을 제시했다. 신한 GMS를 아시아 최고의 자산 운용사로 키우겠다는 얘기다.

신한지주 관계자는 ""작년부터 그룹 차원에서 자본시장을 강조하고 키우고 있다""며 ""이번 MOU도 그 연장선상에 있다""고 설명했다.

그룹 3개 계열사 자산운용 조직이 합쳐진 GMS 수장은 신한금융투자 출신 김병철 부사장이 맡고 있다. 그는 동양증권 출신으로 2012년 신한금융투자로 넘어왔다. 3개 계열사 150명 가량이 모인 GMS 사무실은 여의도 신한금융투자타워에 자리 잡았다. 지난 8월 신한은행과 신한생명 직원들도 여의도 신한금투타워로 자리를 옮겼다. 신한금투 중심으로 그룹내 자산운용 조직이 헤쳐 모인 것이다.

GMS는 주식·파생상품·채권 운용, 파생결합증권 발행, 자기자본투자, 대체투자 등을 맡고 있다. GMS를 계기로 그룹내 자산운용 전략을 통합하고 해외투자 비중과 규모를 확대할 계획이다. 이번에 KKR과 손을 잡은 것도 해외투자 비중을 늘리기 위한 조치로 풀이된다. 고객자산의 안정적인 수익률을 추구하기 위해서다. 또 해외자산과 대체투자를 확대해 자산관리와 세일즈 부문 협업도 추진하고 있다.

KKR과 국내 금융사가 MOU를 맺은 것은 이번이 처음이 아니다. 2009년 산업은행, 2015년 미래에셋대우 등이 KKR과 손을 잡았다. 신한은행은 올해 2월 KKR의 아시안펀드 3호(KKR Asian Fund III)에 11억8100만원을 출자하기도 했다.

이번 MOU에 '지분 교환'이 포함됐다는 관측도 제기되고 있다. 신한지주가 지난달 인수를 확정한 오렌지라이프(옛 ING생명) 지분 일부를 KKR에 팔고 KKR은 인수한 오렌지라이프 지분을 신한지주 주식과 교환하는 방식이다. 

신한지주는 오렌지라이프 지분 59.15%를 2조2989억원에 사기로 했는데 이중 9%가량을  KKR을 팔수 있다는 관측이 나오고 있다. 신한지주 입장에선 지분 50%를 지켜 경영권도 확보하고 '고가 인수' 부담도 덜 수 있기 때문이다. 

이에 대해 신한지주 관계자는 ""이번 MOU에 지분 교환이 포함됐는지 공개할 수 없다""며 ""다만 KKR의 오렌지라이프 지분 인수는 너무 나간 이야기""라며 확대해석을 경계했다. 신한지주는 오렌지라이프 인수 관련 금융당국의 승인 신청을 앞두고 있는데 이 과정에서 KKR이 오렌지라이프 지분을 인수할 것인지 여부가 공개될 것으로 보인다."
카드업계 동향,"‘적과의 동침’ 나선 카드사
",카드사들이 경쟁상대와 전례없던 파격적인 제휴를 선보이고 있다. 가맹점 수수료 인하로 어려움을 겪는 상황에서 시장을 선점하기 위해 적과의 동침도 불사하겠다는 의지가 담긴 것으로 풀이된다. 카드사들의 마케팅 비용 절감 등은 물론 소비자 입장에서도 카드 혜택의 폭이 확대돼 시너지가 더 클 수 있다는 분석이다. 최근 신용카드 트렌드 중 하나는 포인트 적립형이다. 특히 이달부터 모든 카드 포인트를 현금화할 수 있게 되면서 포인트 적립형 신용카드의 인기는 더 늘어날 것으로 보인다. 이에 맞서 카드사들의 포인트 제휴도 더 활발해질 전망이다.,"우리카드로 결제했는데 롯데 포인트가 적립? 

카드사들이 경쟁상대와 전례없던 파격적인 제휴를 선보이고 있다. 가맹점 수수료 인하로 어려움을 겪는 상황에서 시장을 선점하기 위해 적과의 동침도 불사하겠다는 의지가 담긴 것으로 풀이된다. 카드사들의 마케팅 비용 절감 등은 물론 소비자 입장에서도 카드 혜택의 폭이 확대돼 시너지가 더 클 수 있다는 분석이다. 

신용카드전문사이트 카드고릴라에 따르면 최근 신용카드 트렌드 중 하나는 포인트 적립형이다. 특히 이달부터 모든 카드 포인트를 현금화할 수 있게 되면서 포인트 적립형 신용카드의 인기는 더 늘어날 것으로 보인다. 이에 맞서 카드사들의 포인트 제휴도 더 활발해질 전망이다.

앞서 우리카드는 자사의 주력 카드인 ‘카드의정석’ 시리즈로 ‘카드의정석 엘포인트(L.POINT)’를 선보였다. 이 상품은 결제할 때마다 우리카드의 자사 포인트인 ‘모아포인트’, ‘위비꿀머니’가 아닌 롯데그룹의 통합 멤버십인 엘포인트가 쌓여진다. 엘포인트는 2015년 롯데그룹이 계열사마다 흩어져 있던 포인트를 하나로 모아 출범했다. 유통, 영화, 외식, 대중교통, 놀이동산 등 롯데 계열사를 통해 사용처가 다양하고, 가맹점이 롯데 계열사인 경우 엘포인트를 1% 추가 적립해주고 있다.

무엇보다 엘포인트가 롯데그룹 계열사 외 다른 카드사에 탑재한 것은 처음이어서 더욱 주목받았다. 기존 우리카드 포인트를 엘포인트로 바꾸려면 롯데멤버스 애플리케이션이나 카드를 이용해야하는 불편함이 있었다. 

롯데멤버스의 3800만명 회원과 우리카드 ‘카드의정석’ 출시 3개월 만에 50만좌를 달성한 기획력으로 시너지도 클 것으로 예상된다. 

하나카드도 삼성과 손을 잡고 ‘삼성 리워즈 하나카드’를 출시했다. 이 카드 역시 ‘하나머니’가 아닌 ‘삼성 리워즈 포인트’가 적립된다. 삼성페이 이용금액의 최대 2%를 삼성리워즈 포인트로 적립해주고 있다. 삼성페이를 주로 많이 사용하는 사람이 유리한 카드다. 또 삼성페이의 다양한 이벤트 및 쿠폰 등의 혜택도 누릴 수 있다는 장점을 지녔다. 1000만명 회원을 보유한 하나멤버스와 글로벌 결제플랫폼 삼성페이의 콜라보가 주목된다. 

카드사들이 경쟁사인 삼성페이, 네이버페이, 카카오페이, 페이코 등 간편결제서비스 업체와 제휴도 잇따르고 있다. 간편결제서비스가 시장에 빠르게 확산되면서 카드사들은 결제 시장선점을 빼앗기지 않기 위해서라도 경쟁사와 손잡고 특화카드 상품을 확대해 나가겠다는 전략이다. 신한카드는 ‘신한카드 딥온’를, KB국민카드는 ‘삼성페이 KB국민카드’ 등 주요 카드사들이 간편결제 특화카드를 확대하고 있다."
핀테크 일반,"5초만에 해외 송금하는 '페이팔' 한국선 무용지물…성장판 닫힌 핀테크
","한국이라면 카드사에 연 20% 고액 이자를 내고 현금서비스를 받아 송금해야 하지만, 그럴 필요가 없다. 송금 수수료도 저렴하다. 국내 은행에서 외화 100만원을 송금하면 3~4만원의 수수료가 붙지만, 페이팔을 이용하면 1만원(송금액의 1%)만 내면 된다. 23개국 통화 송금이 가능한 서비스이지만, 원화 송금은 불가능하다. ","스마트폰에 해외 송금 앱 '페이팔'을 깔고 싱가포르에 있는 지인에게 송금하는 데 채 5초가 걸리지 않았다. 비밀번호를 눌러 로그인한 뒤 지인의 이름·이메일을 찾아 보낼 돈을 입력하기만 하면 된다. 통장에 돈이 없으면 신용카드 한도를 이용해 송금할 수도 있다. 한국이라면 카드사에 연 20% 고액 이자를 내고 현금서비스를 받아 송금해야 하지만, 그럴 필요가 없다. 송금 수수료도 저렴하다. 국내 은행에서 외화 100만원을 송금하면 3~4만원의 수수료가 붙지만, 페이팔을 이용하면 1만원(송금액의 1%)만 내면 된다. 23개국 통화 송금이 가능한 서비스이지만, 원화 송금은 불가능하다. 
  
구태언 테크앤로 변호사는 ""한국은 외환관리법 등의 규제가 엄격하다 보니, 이미 다른 나라에선 널리 활용하는 저렴한 송금 서비스마저 이용할 수 없다""며 ""국내 핀테크 산업 전체가 규제로 막혀있다 보니 소비자보단 은행·카드사만 배를 불려주고 있는 꼴""이라고 지적했다.   
한국 핀테크 산업의 성장판이 닫히고 있다. 해외에선 되는 일이 국내에선 안 되는 '갈라파고스식 규제' 탓이다. 핀테크 신기술에 한해 일단 진입을 허용하는 '금융혁신지원 특별법'은 현재 국회 상임위원회(정무위원회)조차 통과하지 못했다. 금융당국도 핀테크 활성화를 위한 기본 방향은 세웠지만, 여전히 당국이 허가한 사업만 할 수 있도록 하는 '소극 행정'에 머물러 있다. 

'천송이 코트'로 부각된 핀테크 규제…한국은 여전히 '후진국' 
핀테크 규제가 수면 위로 오른 건 박근혜 정부 때다. 박 전 대통령이 2014년 3월 열린 '규제개혁 끝장토론'에서 공인인증서를 요구하는 불편한 결제 방식 탓에 중국에서 '천송이 코트'를 구매하지 못한다며 대책 마련을 주문했다. 천송이 코트는 드라마 '별에서 온 그대'에서 텔런트 전지현이 입은 트렌치코트로 중국 한류 팬들에게 인기가 있었다.   
  
진통 끝에 올해 3월 공인인증서 의무 사용을 폐지한 법안이 입법 예고됐다. 그러나 여전히 한국은 온라인 핀테크 시장에선 '후진국'이다. 회계·컨설팅법인 언스트앤영(EY) 조사에 따르면 지난해 온라인 이용자 중 핀테크 서비스를 이용하는 비중은 중국이 69%, 인도도 52%에 달한 반면 한국은 32%에 불과했다. 전 세계 평균인 33%에도 밑도는 수준이다.  

핀테크 신사업이 법적 문제가 없는지를 검토해 알려주는 금융위원회의 유권해석 회신 기간도 길게는 426일이 걸린 경우도 있었다. 평균 회신 기간은 69일이다. 간발의 차로 사업을 선점당할 수 있는 신기술 전쟁에서 정부의 굼뜬 행정이 방해가 되고 있다는 지적이 나오는 이유다. 익명을 요구한 한 핀테크 업체 관계자는 “유권해석이 늦어지면 새로운 사업 착수가 늦어지거나 타이밍을 놓치기 때문에 사업모델의 경쟁력을 확보할 수가 없다”라고 하소연했다. 

정치권·노조 ""재벌 사금고화 우려""에 규제 완화 올스톱 
국내 핀테크 산업 규제가 좀처럼 완화되지 않는 것은 신기술 도입으로 입지가 줄어들 수 있는 금융사와 노동조합의 반발이 자리하고 있다. 여기에 시민사회단체와 정치권까지 '규제 완화 반대 동맹'을 형성한다. 경제정의실천시민연합(경실련)과 참여연대 등 진보 성향 시민단체와 정의당, 금융노조 등은 지난 8월 문재인 대통령도 강조한 은산분리(산업자본의 금융자본 지배 금지) 완화 방침에 반대하는 의견을 냈다. 이들은 신기술 진입을 위해 계류 중인 규제 샌드박스에도 반대한다. ""대기업이 은행을 사금고처럼 쓸 수 있고, 무분별한 규제 완화로 개인 정보 보호 등 공익을 침해할 수 있다""는 논리다.  
  
이들 단체가 직접적으로 핀테크 활성화를 반대하는 건 아니다. 그러나 핀테크가 상용화하려면 규제 샌드박스 도입이 필수적이고 알리바바 등과 경쟁할 수 있는 글로벌 핀테크 기업이 출현하기 위해서는 대기업의 금융시장 진입도 허용될 필요가 있다. 이 모든 것을 강력히 반대하는 목소리가 크다 보니 결국 핀테크 산업 성장에 걸림돌이 되고 있는 것이다.  
  
금융 사고 발생하면 관료에 '무한 책임'…'관료 보신주의' 키워 
관료들도 이 같은 반대 여론을 이유로 규제 완화에 소극적이다. 또 금융 산업엔 특히 정부가 시장을 통제해야 한다는 '관치 금융'의 논리도 작동하기 때문에 중국처럼 '안 되는 것 빼곤 모두 허용'하는 네거티브 방식의 규제가 도입되지 못한다. 특히 과거 부실 저축은행 사태와 동양 상태 등 금융 사고가 발생하면 투자자들이 집단행동을 벌여 규제 완화에 앞장선 관료에게 '무한 책임'을 물어 왔다. 여기에 감사원 등 사정 기관까지 나서 책임을 묻는 과정이 반복돼 왔기 때문에 관료 집단 특유의 '보신주의'가 형성되는 것이다. 
서강대 블록체인 연구센터장 박수용 교수는 ""새로운 시도에는 시행착오가 따르게 마련이지만, 한국에선 규제 완화 이후 조금의 부작용이라도 생기면 모두 담당 공무원을 비난한다""며 ""'부작용이 전혀 일어나지 않는 것'이 정책 목표가 되다 보니 관료 집단에선 '일단 규제로 막고 보자'는 의식이 팽배해 있다""고 지적했다. 
  

일본, 가난한 청년층 '빈(貧)테크' 열풍…소상공인 대출 만든 인도  
한국이 이렇게 주춤하는 사이 해외 주요국의 성장세는 눈부시다. 지난해 독일의 핀테크 벤처기업이 받은 총투자금은 5억4000만 유로(7000억원)로 2015년에 비해 3.4배 성장했다. 나라별 경제 상황에 맞는 핀테크 서비스들도 출현하고 있다. 일본에선 가난한 청년층을 위한 일명 '빈테크' 열풍도 분다. 신용카드를 만들기 어려운 저소득 청년들이 지인들에게 십시일반 자금을 모으는 앱(폴카), 급료를 미리 당겨 지급 받을 수 있는 앱(페이미) 등이 대표적이다. 인도에는 소상공인을 위한 온라인 대출 전용 앱(렌딩카르트)도 생겨났다.   
  
""금융혁신지원 특별법 시행하고 '은산분리' 패러다임 깨야"" 
전문가들은 한국의 핀테크 산업이 활성화되려면 국회 계류된 금융혁신지원 특별법부터 속히 통과돼야 한다고 입을 모은다. 또 일각에선 그동안 공론장을 지배해 온 '은산분리' 패러다임도 깨야 한다는 지적도 내놓는다. 중국 핀테크의 대표 기업인 'BAT(바이두·알리바바·텐센트)'은 모두 금융산업복합체다. 은행의 대기업 사금고화가 우려되면, 이를 확실히 제한하고 나머지는 허용하는 방식으로 가야 한다는 것이다. 

금융당국이 감독규정·가이드라인 등을 통해 규제할 때도 혁신 역량을 갖춘 핀테크 스타트업의 진입이 가능한지를 염두에 둬야 한다고 강조한다. 가령 금융위는 최근 로보 어드바이저 규제를 일부 완화했지만, 자본금이 40억원 이상인 법인만 할 수 있도록 최소 요건을 정해 놨다. 아무리 실력 있는 자산운용 전문가와 알고리즘 역량을 갖추고 있어도, 초기 자본이 부족한 스타트업은 진입하기 힘든 것이다. 또 현재 대출·카드 모집인은 한 금융회사당 1곳으로만 전속 계약을 할 수 있는 규제가 있어, 핀테크 기업이 여러 금융상품의 장단점을 비교해 추천·판매하는 서비스를 내놓을 수도 없다. 


  
구자현 한국개발연구원(KDI) 연구위원은 ""세세한 금융감독규정들은 모두 그 나름의 필요성이 있어 만들어졌겠지만, 정책당국도 어떤 규정이 스타트업에 문제가 되는지조차 파악하기 힘들 지경이 됐다""며 ""핀테크는 업종 간 경계를 허물어 혁신을 이루는 성격이 있기 때문에 은행·보험·카드사 등 업권별로 나눠 규제하는 체계도 바꿀 필요가 있다""고 강조했다. "
핀테크 일반,"핀테크 기업, 금융시장 재편 시작
","액센츄어의 보고서에 따르면 2017년 금융시장 사업자 6개중 1개는 2005년 이후에 진출했던 신생 핀테크 사업자였다. 반면 이 기간 은행이나 결제업체의 전체숫자는 오히려 2005년보다 20% 가량 감소했다. 시장 주도업체들은 직접 금융 사업에 뛰어든 업체, 은행을 갖고 있지 않은 사업자, 거대 IT 업체들로 이루어져 있다. 이 업체들이 지난해 새롭게 발생한 수입의 3분의 1을 잠식했다.","전통적인 은행들이 핀테크 기업들의 위협으로 입지가 약해지고 있는 가운데 최근 금융시장 판도까지 바뀌고 있는 것으로 조사됐다.

컨설팅 업체 액센츄어의 보고서에 따르면 2017년 금융시장 사업자 6개중 1개는 2005년 이후에 진출했던 신생 핀테크 사업자였다. 반면 이 기간 은행이나 결제업체의 전체숫자는 오히려 2005년보다 20% 가량 감소했다.

시장 주도업체들은 직접 금융 사업에 뛰어든 업체, 은행을 갖고 있지 않은 사업자, 거대 IT 업체들로 이루어져 있다. 이 업체들이 지난해 새롭게 발생한 수입의 3분의 1을 잠식했다.


특히 이 업체들 가운데 일부 업체는 기존 은행들의 미래 성장률을 잠식할 정도로 위협적이다. 최근 핀테크 업체들은 전세계적으로 사업을 확대하고 있으며 중점사업도 지역마다 차이를 보이고 있다.

미국은 지난해 금융업체중 19% 가량이 신생업체였다. 하지만 1조달러 이상 매출을 올린 업체는 3.5%에 불과했다. 또한 자격조건이 까다로워 금융시장 진출이 쉽지 않아 시장판도가 바뀌기 힘들 것으로 점쳐졌다.

반면 영국의 경우 올초 정부가 암호화폐 전담업무팀을 신설할 정도로 핀테크 사업자의 진출을 허용하고 있다. 이런 육성정책 덕에 지난해 금융업체중 63%가 신생업체였다. 총매출 부분도 신생업체가 14% 가까이 일조했다.

중국에서 핀테크 업체의 영향력은 더욱 크다. 알리바바 산하 금융업체인 앤트파이앤셜과 텐센트 산하 결제업체인 위챗페이는 중국 모바일 결제 시장의 94%를 장악하고 있다."
핀테크 일반,"해외송금 고객 잡아야, 은행 인터넷은행 카드사 증권사 경쟁 치열
",개인의 해외송금 규모는 매년 빠르게 성장하고 있다. 개인의 해외송금 규모는 2000년 연간 30억 달러 규모에서 꾸준히 성장세를 보이며 2016년에는 103억5천만 달러까지 늘었다. 2017년 해외송금 규모는 109억 4천만 달러로 원화로 환산하면 12조 원에 이른다.  올해 7월까지 누적 해외송금액은 77억7천만 달러로 업계는 지난해보다 늘어날 가능성이 크다고 보고 있다. ,"해외송금시장이 빠르게 성장하는 데 더해 영업환경까지 변화하면서 금융회사들의 경쟁이 치열해지고 있다.

해외송금을 둘러싸고 은행, 인터넷전문은행, 카드사, 증권사 등 각 금융회사들은 차별화된 서비스 마련에 분주하다.

17일 업계에 따르면 개인의 해외송금 규모는 매년 빠르게 성장하고 있다.

개인의 해외송금 규모는 2000년 연간 30억 달러 규모에서 꾸준히 성장세를 보이며 2016년에는 103억5천만 달러까지 늘었다. 2017년 해외송금 규모는 109억 4천만 달러로 원화로 환산하면 12조 원에 이른다. 

올해 7월까지 누적 해외송금액은 77억7천만 달러로 업계는 지난해보다 늘어날 가능성이 크다고 보고 있다. 

해외송금은 과거에는 스위프트 코드(SWIFT Code)를 이용한 은행 사이 송금 방식으로 대부분 이뤄졌다. 스위프트란 유럽과 북미의 은행들이 주도해 만들어진 비영리조직으로 국제은행 사이의 통신협정을 통해 각 나라 은행 사이의 지급, 송금 업무 등 데이터 통신 교환이 주된 목적이다.

개인이 해외송금을 하려면 국내 은행에 돈을 입금하고 국내 은행이 중개은행을 거쳐 해외은행에 돈을 보내는 방식이었다. 이 과정에서 부과되는 스위프트 망 이용료는 모두 수수료 명목으로 개인에게 부과됐다. 시간도 4~5일 정도 걸렸다.

시중은행이 사실상 독점하던 해외송금시장은 인터넷전문은행의 등장하면서 경쟁이 불붙기 시작했다. 인터넷전문은행은 스위프트 망을 이용하지 않고 바로 해외 현지 금융사와 연결을 통해 해외송금을 할 수 있기 때문에 비용이 적게 든다.

카카오뱅크는 2017년 출범할 때부터 5천 달러 이하를 송금하면 5천 원, 5천 달러 초과를 송금하면 1만 원의 수수료를 적용하는 해외송금 서비스를 선보였다. 기존 시중은행들이 4~5%에 이르는 수수료를 받아왔다는 점을 고려한다면 파격적이다.

케이뱅크는 10월부터 해외송금 수수료를 4천 원으로 낮췄다. 4월에 액수와 상관없이 건당 5천 원을 받는 해외송금 서비스를 선보인데 이어 경쟁 수위를 높인 것이다.

인터넷은행 관계자는 “인터넷은행은 스위프트 망 보다 저렴한 통신망을 이용하는 데다가 일부 해외송금 비용을 자체 부담하기 때문에 시중은행보다 싼 해외송금 수수료를 제시할 수 있는 것”이라며 “수익성을 다소 희생하더라도 차별화된 서비스를 제공하는 것이 인터넷전문은행 본연의 역할”이라고 말했다.

시중은행도 수수료를 낮추는 등 대응책을 내놓고 있다.

KB국민은행, 신한은행, KEB하나은행 등 주요 시중은행은 별도의 전신료를 제외하고 5천 달러 이하 해외송금 수수료를 액수에 따라 2500~7500원 수준으로 낮췄다.

가격 경쟁 외에 당일 송금이 가능한 ‘특급송금’, 계좌 없이 개인식별번호(PIN)이나 휴대전화 번호를 이용해 해외송금을 할 수 있는 ‘무계좌 해외송금’ 등 차별화된 서비스 제공에도 공을 들이고 있다.

카드회사와 증권회사들도 해외송금 경쟁에 뛰어든다. 

외환거래법 개정으로 2019년부터는 카드회사와 증권회사가 직접 해외송금 업무를 볼 수 있게 되면서 해외송금시장의 경쟁은 더욱 치열해질 것으로 보인다. 카드회사나 증권회사는 이미 구축돼 있는 해외 네트워크가 있어 중개 수수료나 망 사용료가 들지 않는다.

현재 카드회사 가운데 현대카드가 유일하게 4월부터 신한은행, 영국 현지 송금회사 등과 손잡고 간접 해외송금 서비스를 제공하고 있다. 현대카드가 제공하는 해외송금 수수료는 최저 수준인 건당 3천 원이다.

금융권 관계자는 ""저축은행업계도 저축은행의 해외송금 업무를 허용해 달라며 목소리를 높이고 있다""며 ""해외송금 규모도 계속 늘고 있어 앞으로 해외송금을 둘러싼 금융회사들의 경쟁은 업권을 넘나들며 치열하게 펼쳐질 것으로 보인다""고 말했다."
핀테크 일반,"금융사 P2P대출 투자허용 검토
","금융회사가 P2P 대출 핀테크 기업에 투자할 수 있는 방안이 검토된다. 또 그동안 핀테크 기업은 인터넷이나 모바일기기로 행정안전부의 신분증 진위확인시스템을 이용할 수 없었지만, 이를 허용하는 방안도 추진된다. 이와 함께 토스나 OO페이 등 모바일 간편결제의 충전한도가 200만원이어서 이를 초과하는 제품을 구매할 때는 간편결제를 사용할 수 없었는데, 충전한도를 더 높이도록 법령을 개정하는 문제도 검토된다.","금융회사가 P2P 대출 핀테크 기업에 투자할 수 있는 방안이 검토된다. 또 그동안 핀테크 기업은 인터넷이나 모바일기기로 행정안전부의 신분증 진위확인시스템을 이용할 수 없었지만, 이를 허용하는 방안도 추진된다.

이와 함께 토스나 OO페이 등 모바일 간편결제의 충전한도가 200만원이어서 이를 초과하는 제품을 구매할 때는 간편결제를 사용할 수 없었는데, 충전한도를 더 높이도록 법령을 개정하는 문제도 검토된다.

금융위원회는 지난 19일 정부서울청사에서 김용범 부위원장 주재로 국무조정실, 기획재정부 등 정부부처, 핀테크 업계, 금융업 협회와 유관기관, 정보통신기술(ICT)과 해외법제 등 각 분야 민간 전문가들이 참여하는 '핀테크 등 금융혁신을 위한 규제개혁 태스크포스(TF)' 1차 회의를 열고 이같은 방안을 추진하기로 했다고 밝혔다.

금융위는 TF를 중심으로 △핀테크 투자 △데이터 공유 △비대면 거래 활성화 △핀테크 고도화 △신기술 확산 등 5개 분야의 규제 혁신 과제를 금융권 간담회, 대국민 의견수렴 행사 등을 통해 오는 12월까지 발굴하고 내년 1~2월 중 종합개선 대책을 발표할 것이라고 밝혔다.

우선 현재 P2P 대출 관련한 법규제가 없는 상황에서 금융사가 P2P 대출 사업에 투자할 수 있는지 여부가 불명확한데, P2P 대출 가이드라인을 개정해 중금리 신용대출에 한에서는 금융사의 P2P 대출 핀테크 기업 투자를 허용하는 방안을 검토하기로 했다.

또 현재 핀테크 등 전자금융업자는 비대면 본인확인을 위한 신분증 진위확인시스템을 이용할 수 없었지만, 금융위는 행안부와 협의해 이를 허용하는 방안을 추진키로 했다. 또 청소년과 외국인은 비대면 금융서비스 이용에 제약이 있었지만 이를 없애는 방안도 검토하기로 했다.

모바일 간편결제 충전한도는 현 전자금융거래법령 상 200만원에 불과한데, 법 시행령을 개정해 한도를 늘리는 방안을 추진하기로 했다. 또 간편결제 서비스 업체들은 외국환 결제업무 수행이 어려워 해외진출에 어려움을 겪고 있는데, 관련 규제를 개선하는 방안도 검토키로 했다.

또 현 금융지주회사법에 따라 금융지주사와 그 자회사는 내부경영 관리 목적으로만 고객정보를 1개월 한에 공유할 수 있지만, 신용정보법 개정을 통해 영업 목적으로 고객정보를 공유할 수 있도록 허용하는 방안도 검토하기로 했다. 이와 함께 신용정보법에 따라 제3자 개인신용정보 제공 동의가 없으면 보이스피싱 등 금융사기 피해를 당한 개인금융 정보를 다른 금융사들이 활용할 수 없지만, 금융사기 방지를 위해 금융사기피해 개인정보를 공유할 수 있도록 허용하는 문제도 검토키로 했다.

인공지능, 빅데이터 기술 등을 활용한 맞춤형 금융상품 추천서비스인 로보어드바이저 사업을 하려면 자기자본금이 40억원을 넘어야 한다는 규정도 완화해 소규모 핀테크 기업도 진출할 수 있도록 하는 안도 추진키로 했다.

현행 개인정보보호법과 신용정보법에 따라 개인 정보는 보유기관이 경과하면 지체 없이 파기하도록 규정하고 있지만, 블록체인 시스템 내에서 분리 보관할 경우 영구보존이 가능토록 하는 방안도 검토하기로 했다. 이는 민감한 금융정보 데이터를 활용하기 위한 블록체인 활성화를 위한 방안이다.

김용범 부위원장은 ""인터넷전문은행법 제정을 계기로 금융혁신 속도를 더 높일 것""이라면서 ""핀테크 등 5대 분야를 집중 점검해 낡은 규제나 관행 등 걸림돌 제거할 것""이라고 말했다."
간편결제,"목소리로 간편결제… KT, '지니페이' 상용화 눈앞
",KT가 이를 위한 화자인증 간편결제 서비스 상용개발을 완료한 것. 향후 다양한 플랫폼에 활용될 전망이다. 18일 KT(회장 황창규)는 목소리 인증 방식으로 결제가 이뤄지는 화자인증 간편결제 서비스 '지니페이' 상용개발을 완료했다고 밝혔다. 화자인증 결제 기술이 적용된 '지니페이'는 이용자의 목소리가 비밀번호 역할을 하기 때문에 따로 분실 및 유출에 대한 걱정이 없다. 또 최신 생체인증 기술인 화자인증을 적용해 보안성이 탁월하다는 게 회사 측 설명이다.,"목소리가 비밀번호가 돼 간편결제를 돕는 서비스가 빠르면 연내 상용화 된다.

KT가 이를 위한 화자인증 간편결제 서비스 상용개발을 완료한 것. 향후 다양한 플랫폼에 활용될 전망이다.

18일 KT(회장 황창규)는 목소리 인증 방식으로 결제가 이뤄지는 화자인증 간편결제 서비스 '지니페이' 상용개발을 완료했다고 밝혔다.

화자인증 결제 기술이 적용된 '지니페이'는 이용자의 목소리가 비밀번호 역할을 하기 때문에 따로 분실 및 유출에 대한 걱정이 없다. 또 최신 생체인증 기술인 화자인증을 적용해 보안성이 탁월하다는 게 회사 측 설명이다.


화자인증은 사람 목소리 마다 고유의 음성 주파수를 가지는 특성을 착안해 고안해낸 인증방식이다. KT는 화자인증을 위해 국제규격 파이도(FIDO)를 적용한 '기가지니 FIDO 플랫폼'을 개발했다.

고객이 특정 문장을 약 7회 정도 반복해서 읽은 다음 해당 음성 정보를 저장·분석해 음성결제 시 수신하는 목소리의 음성 정보와 동일할 경우에만 주문 및 결제할 수 있도록 했다.

목소리 등록 시 실제 목소리의 패턴 정보와 목소리 비밀키는 KT의 인공지능 스피커 기가지니에 저장된다. 하드웨어 어딘가에 저장돼 바깥으로 나가지 못하는 것. 또 이와 매칭되는 고객 식별키는 서버에 저장돼 검증에만 활용된다. 이 둘이 만나야 인증이 이뤄진다. 개인정보 유출이나 해킹 등의 공격에 안전성을 높인 셈이다.

위조방지 기능도 적용했다. 가령 타인이 내 목소리를 녹음해 결제를 시도해도 결제가 안된다. 이 기술은 타인의 목소리를 몰래 녹음 해 재생하는 상황을 탐지한 기술. 한번 사용한 목소리 정보를 재사용하지 못하게 함으로써 녹음·재생에 따른 해킹 공격 가능성을 차단했다.


◆아마존 보이스 인증 등과 차별화
최근 미국 댈러스에 사는 한 소녀가 아마존의 인공지능 스피커 '에코'에 ""알렉사, 인형의 집과 쿠키 사줘""라고 말했다가 약 20만원 상당의 장난감과 1.8kg의 쿠키가 집으로 실제 배달돼 논란이 됐다.

또 샌디에이고 CW6 TV 뉴스의 남성앵커가 이 소녀의 귀여운 장난을 ""알렉사가 인형을 사줬다고 말하는 아이가 사랑스럽다""고 보도한 바 있다. 이 보도 이후 각 가정 알렉사가 인형의 집을 주문하는 소동이 발생했다. 이 탓에 아마존은 7천만달러(한화 약 795억원)의 오류 주문을 취소해야 했다.

이 같은 문제는 아마존이 인증 없는 음성주문 서비스를 제공한 것과 무관치 않다. 보안을 위해 4자리 비밀번호를 설정할 수 있도록 했으나 주문사고 후 결국 보이스 프로필(Voice Profile)을 활용한 음성결제를 도입했다.

보이스 프로필은 이용자가 10개의 문장을 소리 내 읽으면 해당 음성 정보의 특성을 추출해 이용자를 식별하는 방식이다. 인공지능 스피커에 이미 등록된 목소리 정보에만 반응하는 식이다.

이는 기술적으로는 KT의 지니페이에 적용된 화자인증과 유사하나 등록된 사용자를 찾아주는 기술에 그친다. 화자인증은 공인인증서와 같이 목소리로 동일 사용자가 맞는지까지 인증해주는 기술이다.

실제로 화자인증은 보이스 프로필 보다 타인으로 인식될 확률이 낮고, 녹음·재생 등의 해킹 공격도 방어할 수 있어 기술적 완성도가 높은 편에 속한다. 뉴스 앵커의 이야기를 듣고 주문을 하게 되거나 타인이 악용하는 등의 주문사고를 원천적으로 차단할 수 있다는 뜻이다.

박수철 KT 금융거래플랫폼사업담당 상무는 ""음성결제는 인공지능 스피커뿐 아니라 자율주행자동차, 호텔, 아파트, ARS 등 다양한 분야에 활용될 수 있다""며 ""KT는 지니페이를 통해 기업 경쟁이 치열해질 것으로 예상되는 음성결제 시장을 지속 선도해 나아갈 것""이라고 자신했다.

KT는 플랫폼사업기획실, AI사업단, IT기획실, 융합기술원의 주요 전담인력들을 중심으로 AI 스피커에 최적화된 결제 서비스를 지속 발전시켜 나간다는 계획이다."
간편결제,"[결제혁명과 금융전쟁 ②] ‘보이지 않는 장벽’ 속내 복잡한 간편결제
"," “간편결제 시장이 성장하는 것은 긍정적인 신호다”라면서도 “다만 결제시스템 획일화를 위해 간편결제 업체 간 논의가 함께 이뤄져야 한다. 예컨대 결제 플랫폼은 다르더라도 결제 진행 방식을 같게 한다든가, 사용자 정보 입력 방식을 교류할 필요가 있다”고 지적했다. 서 교수는 “간편결제 업체는 타깃팅 광고로 수익을 낸다. 고객 구매 데이터를 확보해 수익을 내기 위해 페이업체들이 간편결제 시장에 들어오는 것이다”라면서 “그런데 너무 많은 간편결제 업체들이 이 시장에 뛰어들면서, 온라인 영세 중소판매자의 PG사 수수료가 더 높아지는 역효과까지 나타나고 있다”고 강조했다.","제3자결제(간편결제)가 지속해서 성장하고 있는 가운데 특정 업체의 독보적인 점유율로 인한 업계 우려가 커지고 있다. 기업 입장에서 간편결제는 매출에 큰 영향을 준다. 간편결제 시장이 커지는 데다 결제 유도가 수월하다 보니 업체와 제휴 서비스를 하지 않을 수 없다. 그러나 일부 업체와만 제휴하면 특정 플랫폼에 종속되는 문제가 생겨나기도 한다. 특히 소비자가 결제를 이용하기 위해서는 해당 플랫폼에 따로 가입해야 하는 아이러니한 일도 벌어진다. 

보이지 않는 장벽 

간편결제 서비스는 소비자의 편리성과 안전성에 초점이 맞춰져 있다. 그러나 특정 업체 물건을 구매한다거나 콘텐츠를 이용하기 위해선 업체가 지정해둔 간편결제를 이용해야 하는 단점이 존재한다. 

예컨대 국내에 게임 콘텐츠를 판매 중인 S사의 게임 콘텐츠를 구매하기 위해서는 게임머니를 충전해야 한다. 게임머니는 간편결제 서비스를 이용해 결제를 해야 한다. 결제수단은 카카오페이, 페이코, 스마일페이 등이다. 일반 신용카드와 인터넷 뱅킹, 문화상품권 결제 등을 이용할 수 있지만 간편 결제를 이용하면 일정 금액 할인 등 혜택을 주고 있다.

게임머니를 쉽게 구매하고 결제하도록 간편결제를 이용한다. 이러한 게임머니는 해외 상품을 구매하려면 다른 플랫폼을 이용해야 한다. 방법도 복잡하다. 국내 문화상품권 격인 아마존 디지털 코드를 구매해 북미 서버에서 게임머니를 충전한 뒤 결제해야 한다. 이때 주소지를 잘못 설정하면 사용불가코드로 처리돼 게임머니를 충전할 수 없고, 여러 단계를 거쳐 카드를 등록한 뒤 카드결제 승인을 받아도 결제 시간이 상당히 오래 걸린다.

미국의 간편결제 시스템 페이팔을 이용하는 방법도 있다. 그러나 국내 거주자는 사실상 이용이 불가능하다. 페이팔 가입 후 등록되는 주소가 미국이어야 하는 데다 등록한 결제카드의 실제 청구지 주소가 미국이어야 한다. 즉 한국이 주소지로 된 신용카드는 이용할 수 없다. 결제를 위해서는 미국 지역에 주소지를 둔 카드를 하나 만들어야 한다. 이때 미국 주소지 신용카드를 임의로 채워 넣으면 현지 인스펙터가 주소를 점검해 결제시스템에서 벤(Ban)을 당할 수 있다. 

이와 관련해 S사 게임을 즐기는 A씨는 “간편 결제를 이용할 수 있는 것은 좋으나 플랫폼마다 고유의 간편 결제 시스템을 이용해야 한다”면서 “또 간편결제가 해당 지역에 계좌가 없다면 결제를 막는 경우가 있어 대리결제를 이용해야 하는 번거로움이 있다”고 설명했다. 

간편결제 춘추전국시대, 전쟁 여파는 소비자 몫? 

최근 대기업을 비롯해 통신회사, 포털, 쇼핑몰 등 다양한 업계에서 고유의 간편결제 시스템을 만들어 내고 있다. 그야말로 우후죽순으로 업체들이 도전장을 내밀면서 간편결제 춘추전국시대가 펼쳐졌다. 심지어 같은 계열사 내에서도 각각 다른 서비스를 시작하는 모습까지 보인다. 

 
국내 간편결제 시장 점유율 1위인 네이버페이는 네이버가 만들었다. 네이버는 일본 자회사 라인에서 라인 페이를 따로 출시했다. 계열이 분리된 NHN엔터테인먼트에선 페이코를 전면에 내세우고 있다.

SK그룹은 테이핀이라는 서비스가 있는데도 시럽페이를 따로 론칭한 뒤 통합했다. 이후 11페이로 이름을 바꿨다. 그런데 SK텔레콤은 T페이를 만들어 상용화 중이다. LG U플러스는 페이나우를 쓰고 LG전자는 LG페이를 쓴다.

회사 고유의 간편결제가 많다 보니 서로 규격이 달라서 호환되지 않거나 제휴 협의가 안 돼 결제를 하지 못하는 문제도 발생하고 있다. 

국내 유통업체 S사 인터넷 쇼핑몰은 자사에서 만든 간편결제 시스템만 이용 가능하며 다른 간편결제 시스템은 결제할 수 없도록 막아놓고 있다. E사도 중국의 위챗페이와 국내 SSG페이, BC페이, 삼성페이는 받으면서 타 신용카드사의 앱카드를 일절 받지 않는다. 

카카오뱅크는 네이버페이, 삼성페이 온라인 결제, 페이나우 등 국내 점유율이 높은 간편결제 서비스를 지원하지 않는다. L페이와 SSG페이, 페이코가 최근 도입됐으나 시장 점유율이 높은 네이버페이 이용이 어렵다는 점은 여전하다. 일부 회사는 가상의 임시 카드번호를 받아 간편결제를 사용하는 방식으로 보안성을 높였지만, 이런 이유로 본인 인증이 불가능해지면서 적립이나 할인 혜택 등을 받지 못하는 불상사가 일어난다.

반면 중국은 간편결제 이외에 다른 결제 방법을 거부하는 사례가 발생하고 있다. 중국은 넘쳐나는 위조지폐와 신용카드 복제 때문에 현금이나 카드를 잘 받지 않는다. 이 때문에 알리페이나 위챗페이 두 가지만 사용한다. 알리페이는 지난해 말 기준 결제시장 점유율이 54.3%에 이른다. 위챗페이는 같은 기간 시장 점유율이 38.15%다. 알리페이와 위챗페이를 합치면 결제시장 점유율이 90%에 육박한다. 중국의 결제 대부분이 두 간편결제 시스템에서 이뤄지는 셈이다. 

서지용 상명대학교 경영학부 교수는 “간편결제 시장이 성장하는 것은 긍정적인 신호다”라면서도 “다만 결제시스템 획일화를 위해 간편결제 업체 간 논의가 함께 이뤄져야 한다. 예컨대 결제 플랫폼은 다르더라도 결제 진행 방식을 같게 한다든가, 사용자 정보 입력 방식을 교류할 필요가 있다”고 지적했다. 

서 교수는 “간편결제 업체는 타깃팅 광고로 수익을 낸다. 고객 구매 데이터를 확보해 수익을 내기 위해 페이업체들이 간편결제 시장에 들어오는 것이다”라면서 “그런데 너무 많은 간편결제 업체들이 이 시장에 뛰어들면서, 온라인 영세 중소판매자의 PG사 수수료가 더 높아지는 역효과까지 나타나고 있다”고 강조했다."
인터넷전문은행,"3번째 인터넷은행 누가 될까…금융시장 ‘후끈’
",네이버는 최근 제3의 인터넷은행 설립을 위해 실무진들과 관계사들이 회의를 진행 중인 것으로 알려졌다. 미래에셋대우와 손을 잡고 인터넷은행을 설립 중에 있으며 국내 최대 포털인 네이버의 플랫폼과 미래에셋대우의 전문적인 금융데이터가 만나는 것이다. 2015년 인터넷은행 첫 인가 당시 고배를 마셨던 인터파크도 유력한 인터넷은행 후보다. 인터파크 는 인터넷은행에 반드시 참여한다는 방침 아래 파트너를 물색해 컨소시엄 구성을 추진 중인 것으로 알려졌다.,"지난 16일 인터넷전문은행 특례법 시행령이 입법 예고되며 제3의 인터넷전문은행 등장에 업계의 시선이 집중되고 있다.

최종구 금융위원장은 지난달 기자들과 만나 “인터넷전문은행특례법이 시행되면 내년 2~3월 중 추가인가 신청을 받고 4~5월에는 결과를 낼 수 있을 것”이라고 말했다.

업계에 따르면 네이버는 최근 제3의 인터넷은행 설립을 위해 실무진들과 관계사들이 회의를 진행 중인 것으로 알려졌다. 미래에셋대우와 손을 잡고 인터넷은행을 설립 중에 있으며 국내 최대 포털인 네이버의 플랫폼과 미래에셋대우의 전문적인 금융데이터가 만나는 것이다.

2015년 인터넷은행 첫 인가 당시 고배를 마셨던 인터파크도 유력한 인터넷은행 후보다. 인터파크 는 인터넷은행에 반드시 참여한다는 방침 아래 파트너를 물색해 컨소시엄 구성을 추진 중인 것으로 알려졌다.

금융투자업계에서는 키움증권이 새로운 인터넷은행 후보로 손꼽힌다. 인터넷은행 도전에 적극적인 키움증권 이현 대표는 각종 언론과 인터뷰에서 여러 차례 참여 의사를 밝혀왔으며, 특히 키움증권의 최대주주인 다우기술은 IT 전문업체로 인터넷전문은행의 유력후보자로 손색이 없다는 시장의 평가다.

KEB하나은행의 인터넷은행 참여도 조심스럽게 점쳐진다. 하나은행은 SK텔레콤과 공동으로 모바일 금융플랫폼 핀크를 설립하는 등 디지털금융을 위한 기반작업을 꾸준히 다져왔다.

최종구 금융위원장은 “새로 진입하는 인터넷전문은행이 제 역할을 해서 시장 변화와 혁신을 촉진시키는 계기로 삼겠다”고 전했다."
인터넷전문은행,"심성훈, 케이뱅크 '자본확충' 해결하면 새 경쟁자 만나야
",금융위원회는 제3의 인터넷전문은행 예비인가를 내년 5월 안에 낸다. 금융위는 인터넷전문은행에 한해 은산분리 규제 완화를 내용으로 하는 인터넷전문은행특례법을 입법예고하고 시행령을 마련하고 있다.  행장은 누구보다 인터넷전문은행특례법 시행을 기다리는 사람이다. 은산분리 규제가 완화돼야만 케이뱅크의 산업자본 대주주인 KT가 투자를 시작해 케이뱅크의 자본 문제를 근본적으로 해결할 수 있기 때문이다.,"산 넘어 산이다.

심성훈 케이뱅크 행장이 유상증자로 올해 케이뱅크의 ‘보릿고개’를 가까스로 넘을 것으로 보이지만 내년에는 제3 인터넷전문은행과 경쟁이라는 큰 산을 또 넘어야만 한다.

엎친 데 덮친 격으로 국정감사에서 케이뱅크의 사업자 선정 당시 '인터넷전문은행 인가 내정' 의혹마저 제기돼 심 행장은 이래저래 마음이 불편할 것으로 보인다.

19일 업계에 따르면 금융위원회는 제3의 인터넷전문은행 예비인가를 내년 5월 안에 낸다. 

금융위는 인터넷전문은행에 한해 은산분리 규제 완화를 내용으로 하는 인터넷전문은행특례법을 입법예고하고 시행령을 마련하고 있다. 

심 행장은 누구보다 인터넷전문은행특례법 시행을 기다리는 사람이다. 

은산분리 규제가 완화돼야만 케이뱅크의 산업자본 대주주인 KT가 투자를 시작해 케이뱅크의 자본 문제를 근본적으로 해결할 수 있기 때문이다.  

하지만 은산분리 규제 완화로 제3 인터넷전문은행 등장이 기정사실이 되면서 심 행장은 또다른 경쟁을 준비해야 한다.

업계에서는 제3 인터넷전문은행이 등장하더라도 카카오뱅크의 1위 자리는 변함이 없는 가운데 2위 자리를 두고 케이뱅크와 제3의 인터넷전문은행이 치열하게 다툴 가능성이 높은 것으로 보고 있다.

김재우 삼성증권 연구원은 “카카오뱅크가 인터넷전문은행시장의 주요 고객인 20~30대에서 50% 이상의 점유율을 확보한 것으로 추산된다”며 “제3 인터넷전문은행이 새로 생겨도 카카오뱅크의 시장 지위를 위협하기는 힘들 것”이라고 내다봤다. 

심 행장도 카카오뱅크의 1위 자리를 넘보기보다는 2위 자리를 단단히 다지는 쪽으로 마음을 굳힌 것으로 보인다. 심 행장 스스로 “카카오뱅크의 브랜드 파워를 따라잡기는 어렵다”고 밝히기도 했다. 

심 행장이 제3 인터넷전문은행과 경쟁에서 2위 자리를 지켜내기 위해서는 우선 케이뱅크의 이미지를 가다듬을 필요가 있다는 지적이 나온다.

박영선 더불어민주당 의원이 18일 제기한 '케이뱅크의 인터넷전문은행 인가 내정' 등의 의혹이 계속 확대되면 인터넷전문은행의 주 이용층인 젊은 이용자에게 외면받을 가능성이 높다는 것이다. 

금융권 관계자는 “카카오뱅크의 성공에서 볼 때 인터넷전문은행의 주요 이용자인 젊은층이 기업 이미지를 중요하게 생각한다는 점은 검증이 끝났기 때문에 내정설 등 의혹은 치명적일 수 있다”며 “케이뱅크가 그동안 자본 부족으로 정상영업을 하지 못했기 때문에 선점 효과가 크지 않아 추적해 올 제3 인터넷전문은행이 큰 위협이 될 수 있다”고 말했다."
인터넷전문은행,"'당국 때문이 아닌데' 변호 자처한 이용우 카카오뱅크 대표
", 이용우 대표가 카카오뱅크의 사례를 소개하면서 금감원의 입장을 해명하는 모양새가 됐다. 이 대표는 “카카오뱅크도 출범 초기에 오픈소스(무상으로 공개된 소프트웨어)가 금융권에서 쓰인 레퍼런스가 없는데 활용이 가능하냐는 질문을 당국으로부터 많이 받았다”며 “그러나 현재는 오픈소스를 활용하는 데 (김 대표가 지적한 만큼) 그렇게 어렵지 않다”고 말했다. 이 대표가 금감원과 협의하는 과정에서 ‘문제가 생기면 모든 책임을 지겠다’고 해서 가능했던 부분이지만 “소비자보호가 중요한 부분에 대해 금융 당국의 피드백을 받아 신중하게 시도하는 데 아무런 문제가 없다”고 말했다. ,"이용우(사진) 카카오뱅크 공동대표가 코너에 몰린 뻔한 금융감독원을 살려냈다. 18일 열린 서경 금융전략포럼에서 김연희 보스턴컨설팅그룹 아태유통 부문 대표가 강연 직후 가진 질의응답 시간에서다. 김 대표는 앞서 강연에서 금융이 ‘테크놀로지 컴퍼니(Technology Company)’로 전환하기 어려운 이유 중 하나로 새로운 소프트웨어나 하드웨어 사용을 막는 금융 당국의 규제사례를 언급했다. 금융 사고가 발생할 것을 우려한 나머지 금융당국이 기존 금융사들이 써서 검증된 소프트웨어만 쓰도록 하다 보니 오히려 값비싼 외국산만 쓰고 있다는 걸 지적한 것이다. 듣기에 따라서는 금감원이 금융회사 혁신의 발목을 잡고 있다는 식으로 들릴 수도 있다. 함께 자리한 윤석헌 금감원장의 입장도 난처해지는 분위기였다. 

그때 강연을 듣고 있던 이용우 대표가 카카오뱅크의 사례를 소개하면서 금감원의 입장을 해명하는 모양새가 됐다. 이 대표는 “카카오뱅크도 출범 초기에 오픈소스(무상으로 공개된 소프트웨어)가 금융권에서 쓰인 레퍼런스가 없는데 활용이 가능하냐는 질문을 당국으로부터 많이 받았다”며 “그러나 현재는 오픈소스를 활용하는 데 (김 대표가 지적한 만큼) 그렇게 어렵지 않다”고 말했다. 이 대표가 금감원과 협의하는 과정에서 ‘문제가 생기면 모든 책임을 지겠다’고 해서 가능했던 부분이지만 “소비자보호가 중요한 부분에 대해 금융 당국의 피드백을 받아 신중하게 시도하는 데 아무런 문제가 없다”고 말했다.  

실제 카카오뱅크는 고객인증·대고객채널·신용정보평가·통합메시징 등 서비스에 마이SQL를 비롯한 여러 오픈소스를 적용하고 있다. 마이SQL은 많은 애플리케이션에 활용되는 유명 오픈소스 데이터베이스지만 국내 금융권에선 적용 사례를 찾기 어려운 만큼 첫 시도 당시에는 여러 의구심이 나왔지만 지금은 그렇지 않다고 공개 해명을 해준 셈이다."
인터넷전문은행,"""개정 인터넷전문은행 시행령, 곳곳에 독소조항 담겼다""
","참여연대는 가장 큰 문제점으로 시행령안이 모법과 상충되는 정무위의 부대의견을 반영하고 있다는 점을 꼽았습니다. 시행령안은 경제력 집중 억제 요건(제5조 제2항 제2호)과 ICT 자산 비중 요건(제5조 제2항 제4호)을 열거하며 이를 '모두' 충족하도록 규정했지만 정무위 부대의견은 'ICT 자산 비중 요건에 따라 경제력 집중 억제 요건의 적용을 배제'할 수 있도록 하고 있다. 즉, 부대의견이 법률의 요건을 임의로 변경하는 위법성을 띄고 있다고 봤습니다.","""인터넷전문은행법은 우리나라 금융감독의 주요한 원칙인 은산분리를 형해화(形骸化)하여 재벌의 은행 소유를 가능하게 했습니다. 특히 정부·여당이 국회의 입법 기능도 사실상 포기하면서까지 밀어붙인 결과, 부대의견이 법률을 압도하고 그에 따라 위법한 시행령이 현실을 규율하는 문제를 초래했습니다."" 

금융위원회가 16일 입법 예고한 '인터넷전문은행 설립 및 운영에 관한 특례법' 시행령 제정안이 입법예고되면서 시민단체들은 상호출자제한기업집단 배제·대주주와의 거래 등 금지 등과 같은 주요 원칙마다 예외를 허용하고 있는데 그 예외 규정이 미칠 영향과 악용될 가능성 등을 예측하기 어렵다는 판단하는 분위기 입니다.  

또한 시행령안이 모법과 상충되는 국회 정무위원회의 부대의견과  ICT 기업의 요건과 예외적 대면영업 허용, 외국 ICT기업의 국내 인터넷전문은행 소유 등 곳곳에서 문제점을 드러내고 있다는 주장입니다.  

이를 두고 참여연대 등 시민사회는 은산분리 원칙 훼손해 재벌기업에게 은행을 허용한 문제적 모법의 판박이를 보였다는 즉각 비판했습니다. 

참여연대는 가장 큰 문제점으로 시행령안이 모법과 상충되는 정무위의 부대의견을 반영하고 있다는 점을 꼽았습니다. 시행령안은 경제력 집중 억제 요건(제5조 제2항 제2호)과 ICT 자산 비중 요건(제5조 제2항 제4호)을 열거하며 이를 '모두' 충족하도록 규정했지만 정무위 부대의견은 'ICT 자산 비중 요건에 따라 경제력 집중 억제 요건의 적용을 배제'할 수 있도록 하고 있다. 즉, 부대의견이 법률의 요건을 임의로 변경하는 위법성을 띄고 있다고 봤습니다.

또 기업집단 내 ICT 기업의 자산비중이 50%가 넘을 경우에는 인터넷전문은행 소유를 인정하지 않겠다고 하지만 ICT 기업이 곧 재벌인 현실을 외면한 발상인 점을 외면한 정책이라는 비판이 나왔습니다. 아울러 예외적으로 대면영업을 허용하겠다는 것은 자칫 인터넷전문은행이 지속적으로 대면영업을 할 수 있는 빌미가 될 수 있다는 우려를 나타냈습니다. 

참여연대는 외국 ICT기업의 인터넷전문은행 진출에 대한 저지 방안도 문제가 있다고 봤습니다. 금융위가 '외국인에 대한 차별을 두지 않으나, 대주주 진입시 국내 금융산업 발전, 국내 핀테크 산업 발전, 서민금융지원 등에 대한 기여도를 평가하도록 했다'지만 이는 모법의 위임 범위를 뛰어넘는 위법한 발상일 뿐만 아니라, WTO 체제하에서 외국기업에 대한 시장접근권을 제한하는 것이기 때문에 서비스 분야 협정(GATS) 위반으로 통상마찰을 야기할 우려가 크다고 지적했습니다.

참여연대 측은 ""부대의견이 법률을 압도하고 그에 따라 위법한 시행령이 현실을 규율하는 문제를 초래한 시행령 제정안을 입법예고 한 것이다""면서 ""여러 독소조항이 모두 폐기되어야 함을 다시 한 번 강조하며, 이러한 의견을 담은 시행령 제정안 의견서를 제출할 예정이다""고 밝혔습니다. "
크라우드펀딩 & P2P대출,"이병래 예탁원 사장 “증권형 크라우드펀딩 시장 활성화 지원할 것”
","지난 2016년 1월 도입된 증권형 크라우드펀딩 제도는 현재까지 총 376개사가 펀딩에 성공해 약 677억원의 자금을 조달하는 실적을 기록하고 있다. 이병래 사장은 “제도 시행 후 온라인중개업자, 성공기업 등과 함께 ‘크라우드펀딩 자금조달 전국 순회 설명회’를 약 2년간 총 80여 회 개최한 데 이어 올해에도 약 20회가 넘는 순회 설명회를 개최하는 등 창업?중소기업의 자본시장 진입을 적극 지원하고 있다”고 말했다.","이병래 한국예탁결제원 사장은 17일 “증권형 크라우드펀딩 시장의 활성화를 지원하겠다며 “궁극적으로 크라우드펀딩이 혁신 창업 생태계 조성에 일조할 수 있도록 최선의 노력을 다할 계획”이라고 말했다.

이병래 사장은 이날 서울 코엑스에서 열린 ‘제4회 우수 크라우드펀딩 성공기업 IR콘서트’에 참석해 “내년에는 타 관련 기관 등과도 긴밀하게 협력해 크라우드펀딩 성공기업을 위한 IR행사를 더욱 자주 다양한 형태로 마련하고자 한다”며 이같이 밝혔다.

이번 IR콘서트에는 크라우드펀딩 성공기업 10개사와 미래에셋대우, 신한금융투자, 코스닥협회 등 후원기관 관계자와 후원기관이 초청한 투자자 등 약 160여 명이 참석했다.

크라우드펀딩 성공기업 10개사의 IR발표에 이어 투자자와 IR 기업 간의 1:1 투자 상담 및 네트워킹 등의 순서로 진행됐다. 코스닥협회가 협업기관으로 참여해 크라우드펀딩 성공기업에 투자를 희망하는 코스닥 상장기업 20여 개사와 IR 기업 간의 현장 투자상담도 이뤄졌다.

행사에 참여한 펀딩 성공기업의 한 대표는 “이번 행사가 투자자들에게 회사를 널리 알릴 수 있는 좋은 기회가 됐다”고 말했다. 코스닥 상장기업 투자담당자는 “여러 기업과 유익한 상담이 이뤄졌다”며 “앞으로도 다양한 형태의 창업기업 등과 만날 수 있는 기회가 만들어졌으면 좋겠다”고 소감을 밝혔다.

지난 2016년 1월 도입된 증권형 크라우드펀딩 제도는 현재까지 총 376개사가 펀딩에 성공해 약 677억원의 자금을 조달하는 실적을 기록하고 있다. 이병래 사장은 “제도 시행 후 온라인중개업자, 성공기업 등과 함께 ‘크라우드펀딩 자금조달 전국 순회 설명회’를 약 2년간 총 80여 회 개최한 데 이어 올해에도 약 20회가 넘는 순회 설명회를 개최하는 등 창업?중소기업의 자본시장 진입을 적극 지원하고 있다”고 말했다.

이어 그는 “아울러 지난 6월에는 크라우드펀딩 성공기업 등 업계의 바램이었던 ‘크라우드펀딩협의회’가 발족됐다”며 “펀딩 성공기업 등 업계의 자율적인 협의체인 크라우드펀딩협의회는 앞으로 회원간 소통 및 정보공유, IR 등을 실질적으로 지원하는 업계의 구심점 역할을 하게 되리라 확신한다”고 강조했다.

이 사장은 크라우드펀딩 성공기업 등 창업?중소기업이 소위 ‘죽음의 계곡(Death Valley)’을 안전하게 건너기 위해서는 크라우드펀딩 성공 이후에도 후속적인 자금조달이 절실하게 필요한 상황이라고 피력했다. 

그러면서 “이러한 차원에서 아직은 4회째의 시작단계이지만 IR콘서트라는 이 무대가 후속 투자 유치를 위한 힘찬 출발점이 될 수 있기를 기대한다”며 “크라우드펀딩협의회와도 다양한 소통과 논의를 통해 체계적이고 실질적인 지원사업을 추진해 협의회가 펀딩 성공기업의 든든한 버팀목이 되도록 하겠다”고 말했다."
크라우드펀딩 & P2P대출,"증권형 크라우드펀딩 사업에 뛰어든 네오스프링
","네오스프링은 16일 금융감독위원회의 공식 인가를 받아 온라인소액투자중개업자로 등록했다고 발표했다. 온라인소액투자중개업을 시작하려면 전문 인력을 고용하고 투자에 필요한 설비를 갖춘 후 금융당국의 실사를 받아야 한다. 2016년 크라우드펀딩이 법제화 된 후 와디즈, 오픈트레이드, 크아루드 등의 업체가 온라인소액투자중개업 인가를 받은 상태다.","네오스프링이 증권형 크라우드 펀딩 사업에 본격적으로 뛰어들었다. 증권형 크라우드펀딩은 소액 투자자들을 모아 기업의 채권이나 주식에 투자하는 것을 의미한다.


네오스프링은 16일 금융감독위원회의 공식 인가를 받아 온라인소액투자중개업자로 등록했다고 발표했다. 온라인소액투자중개업을 시작하려면 전문 인력을 고용하고 투자에 필요한 설비를 갖춘 후 금융당국의 실사를 받아야 한다. 2016년 크라우드펀딩이 법제화 된 후 와디즈, 오픈트레이드, 크아루드 등의 업체가 온라인소액투자중개업 인가를 받은 상태다.

네오스프링은 초기 창업기업이 자금 부족으로 어려움을 겪는 '데스밸리 구간'을 이겨내도록 돕는 지원군 역할을 하겠다고 밝혔다. 김석표 네오스프링 대표는 ""크라우드펀딩 시장에서 쌓은 경험을 살려 성장 가능성이 높은 비상장기업의 정보를 투자자에게 제공하겠다""고 말했다.

국내 증권형 크라우드펀딩 시장은 2016년 174억원, 2017년 280억원으로 조금씩 늘어나고 있다. 올해까지 계산하면 3만6348명의 투자자가 685억원 가량을 투자했다. 일반투자자의 투자 한도액은 연간 1000만원이다."
비트코인,"비트코인 대부 닉 사보가 말하는 '스마트 계약'이란?
","블록체인 그리고 이로 인한 스마트 계약이야말로 지금 현대인에게 필요한 기술이라고 주장했다. 이는 신뢰에 대한 필요성이 없어지기 때문이다. 예를 들어, 비트코인으로 거래 시 이를 안전하게 수행하기 위해 중앙의 기관을 신뢰할 필요가 없다. 그렇다면 무엇을 신뢰할까? 프로그래밍 자체, 즉 이런 거래를 실행하기 위해 개발된 소프트웨어를 신뢰하는 것이다. ","블록체인 비즈니스 개발에 대한 관심이 증가하면서 이 기술의 기초 메커니즘에 대한 관심도 늘고 있다. 스마트 계약(Smart Contract)은 암호화폐나 분산형 앱(Dapp) 등 블록체인에 기초한 생태계가 기능하는 방식에 필수적이다.

하지만 스마트 계약이 정확히 무엇이며 그렇게 유용한 이유가 무엇일까? 최근 런던에서 열린 블록체인 라이브(Blockchain Live) 행사에서 연설한 비트코인의 조상 중 하나이자 '스마트 계약'의 창시자로 알려진 닉 사보는 그것들의 정체, 작동 방식, 블록체인 시스템의 작동에 필요한 이유에 관해 설명했다.

그는 원숭이의 뇌에 대한 이야기부터 시작했다. 그에 따르면, 모든 영장류의 뇌에는 해당 종의 사회적 그룹의 평균 크기와 연관된 신피질이라는 뇌 영역이 있다. 인간의 예상값은 150이다. 흥미롭게도 이 수치는 평균적인 커뮤니티 규모와 함께 현대인의 역사 속에서 지속해서 나타나고 있다.

하지만 사보는 단순히 흥미로운 사회학적 현상을 강조한 것이 아니라 현대의 기술적인 사회에서는 이 수치가 크게 과장되고 있다고 지적했다. 소셜미디어를 통해 우리는 수천 명의 낯선 사람과 상호작용하고 '친구'가 될 수 있으며 글로벌 비즈니스 세계에서는 실제로 만나 본 적이 없는 당사자들 사이에서 매일 수백만 건의 거래가 이루어지고 있다.

하지만 이 때문에 사보는 블록체인 그리고 이로 인한 스마트 계약이야말로 지금 현대인에게 필요한 기술이라고 주장했다. 이는 신뢰에 대한 필요성이 없어지기 때문이다. 예를 들어, 비트코인으로 거래 시 이를 안전하게 수행하기 위해 중앙의 기관을 신뢰할 필요가 없다.

그렇다면 무엇을 신뢰할까? 프로그래밍 자체, 즉 이런 거래를 실행하기 위해 개발된 소프트웨어를 신뢰하는 것이다.

현대 사회에서는 단순히 유대를 위한 제한적인 인간 역량의 기능만 신뢰할 수 없다고 사보는 주장했다. 하지만 기술적으로 발전된 세계에서 그는 대안적인 솔루션을 제공한다. 그는 ""우리가 현명하다면 정신적인 한계의 일부를 초월하기 위해 활용할 수 있는 이런 엄청난 잉여 컴퓨팅 자원이 있다""며 ""그것이 공공 블록체인의 핵심 중 하나다""고 말했다.

블록체인 기술을 통한 신뢰의 최소화는 스마트 계약 활용의 근거이기도 하다. 사보는 <테크월드(Techworld)>에 ""우리는 부분적인 낯선 사람과 거래한다. 이런 사람들과 한마을에서 성장한 것이 아니기 때문에 비즈니스 관계와 관련하여 우리의 도덕적인 본능이 제대로 작동하지 않는다""고 밝혔다. 이 때문에 현재의 법률 제도가 존재하는 것이다. 이어서 ""우리는 계약을 문서로 만들고 서로에게 약속하며 법률 제도를 활용하여 사람들을 구속한다""고 덧붙였다.

사보는 당사자들이 가치 거래를 실행하려 할 때 이것이 필수적이라고 말했다. 둘 다 거래가 서로에게 이익이 되기를 바라지만 상대방에 대한 절대적인 신뢰가 없다. 사보는 ""이런 거래를 위해서는 참가자들이 따를만한 동기를 부여하는 규칙을 수립해야 한다""고 말했다.

따라서 스마트 계약에 대한 가장 단순한 정의는 '규칙으로 프로그램된 기계'이다. 사보는 ""계약으로 정의될 수도 있었다. 하지만 대신에 기계가 수행하거나 검증한다""고 전했다.

즉, 블록체인에서는 계약서 작성 및 준수성 확보에 대한 법적 대응이 프로그래머와 이 코드를 연산하는 기계에 의해 대체된다.

사보는 ""구식 콜라 자판기라 할 수 있다""며 ""동전을 넣으면 음료를 얻는다. 그것이 기계의 성능이다""고 설명했다.

성과 검증, 자산 관리, 자동화된 수행 등 이 이벤트의 3가지 요소가 스마트 계약에 내재되어 있다고 그가 말했다.

비트코인 등은 이러한 단순한 로직을 활용한다. 이때 스마트 계약은 단순하다. 한 개인에게 대가를 지불하고 다른 계정에서 가치를 제거하는 것이다. 하지만 더욱 복잡한 절차라면 어떨까?

이더리움 블록체인을 기반으로 구축된 분산형 앱은 훨씬 복잡한 가치 교환 작업을 수행한다. 사보는 ""완전한 스마트 계약에는 사용자 환경이 수반되고 검색 등의 거래 단계, 협상, 성과 모니터링 등이 수반된다. 또한 블록체인 밖에서도 이루어진다""며 다음과 같이 말을 설명을 이었다.

""예를 들어, 물류 계약을 체결하는 경우 포장물 인도 등 위치를 파악해야 한다. 아니면 인도가 올바른 장소와 시점에 이루어져야 한다. 블록체인 밖에서 이루어지는 것이다.""

하지만 더욱 정교한 스마트 계약은 여전히 개발 초기 단계며 사보는 현재 협력하고 있다. 사보에 따르면, 지금은 싫으면 그만두는 거래 방식인 경우가 많지만 진정한 스마트 계약은 협상할 수 있다. 사보는 현재 고유한 비즈니스 사례에 맞추어 협상 및 조정이 가능한 스마트 계약을 개발하고 있다.

""그렇다면 스마트 계약을 하는 이유는 무엇일까?""고 사보는 질문을 던졌다. 이어서 ""전통적인 계약을 하는 이유와 유사하다. 상호 이익이 되는 계약을 원하며 드라이 코드(Dry code)가  코드(Wet code)보다 유리할 때 전통적인 계약 대신에 스마트 계약을 체결하는 것이다""고 설명했다.

사보가 말한 ' 코드'는 전통적인 계약을 의미하며 드라이 코드는 스마트 계약을 의미한다. 그는 대부분 경우에 둘 다 사용하는 것이 최적이라고 밝혔다.

하지만 이것은 이런 글로벌화 시대에 스마트 계약이 유용한 또 하나의 이유다. 사보는 ""소프트웨어가 전 세계적으로 원활할 수 있다""며 ""현지 법률이 있는 경우 미국에서는 주법을 따르고 영국에서는 영국 법을 따른다. 그리고 국경을 넘어 비즈니스를 수행하려면 비용이 많이 발생할 수 있다""고 이야기했다.

사보는 미래를 위해 무엇을 개발하고 있을까? 그는 ""금융 스마트 계약은 쉽게 달성할 수 있다""며 ""성과를 검증하기가 가장 쉽다. 그래서 우리는 대출, 채권, 선물 옵션, 스왑(Swap) 등의 최종화된 버전을 개발하고 있다""고 설명했다. 그는 현재 전 세계의 금융 시스템을 원활하게 하는 데 집중하고 있다고 전했다. 쉽지는 않지만 비트코인과 블록체인 개발에 일조한 사람보다 이 일에 더욱 적합한 사람은 없을 것이다."
비트코인,"블록체인이 IoT 생태계 바꾼다
",클라우드를 중심으로 한 IoT의 네트워크 구조는 두 가지 이점이 있다. 첫째 운영 효율성이 뛰어나다. 중앙에서 한 번에 관리하기 때문에 운영이 용이하고 비용도 절감할 수 있다. 두 번째 이점은 AI 확산을 촉진한다는 것이다. AI 구현을 위해서는 고사양 하드웨어 장비가 필요하다. 그런데 클라우드 방식은 이를 갖출 필요가 없다. 클라우드가 고사양 하드웨어 장비 역할을 원격에서 대신해줄 수 있기 때문이다.,"모든 사물이 인터넷으로 연결되는 ‘초연결 사회(hyper-connected society)’가 도래하고 있다. 이러한 변화의 중심에 ‘사물인터넷(IoT)’ 이 있다.

IoT는 말 그대로 사물에 인터넷을 부여해 정보 공유할 수 있게 한다는 뜻이다. 정보를 수집해 다른 기기와 인터넷 통신을 하는 센서 기술로 생각하면 된다.

초연결 사회 도래는 IoT에 연결되는 사물 기기를 폭발적으로 증가시킬 전망이다. 시장 조사 기관인 스태티스타(Statista)에 따르면 오는 2020년 IoT 연결 기기 수는 300억 개를 초과할 전망이다.

그럼 IoT가 형성하는 네트워크는 어떤 모습일까? IoT의 네트워크는 기본적으로 중앙 집중형의 모습을 띠고 있다. 거의 모든 IoT 기기가 중앙의 클라우드에 연동된 형태를 하고 있는 것이다.

IoT 기기에서 전달한 데이터는 클라우드의 스토리지(저장소)에 보관된다. 그리고 인공지능 (AI) 혹은 빅데이터가 이를 분석해 의미 있는 정보를 생산, 사용자에게 지능형 서비스를 제공한다.

클라우드를 중심으로 한 IoT의 네트워크 구조는 두 가지 이점이 있다.

첫째 운영 효율성이 뛰어나다. 중앙에서 한 번에 관리하기 때문에 운영이 용이하고 비용도 절감할 수 있다.

두 번째 이점은 AI 확산을 촉진한다는 것이다. AI 구현을 위해서는 고사양 하드웨어 장비가 필요하다. 그런데 클라우드 방식은 이를 갖출 필요가 없다. 클라우드가 고사양 하드웨어 장비 역할을 원격에서 대신해줄 수 있기 때문이다.

음성인식 AI를 예로 들어보자. 음성인식 AI는 고사양 하드웨어를 갖추지 않고 있음에도 음성인식이 뛰어나다. 음성인식 AI 스피커가 아닌 클라우드에 구축된 고성능 서버가 음성 인식 역할을 맡고 있기 때문이다. 이러한 이유로, 고성능 음성인식 AI를 수십만 원대의 비교적 저렴한 가격에 살 수 있는 것이다.

그런데 중앙 집중형 구조가 무조건 좋은 것은 아니다. 빅 브라더 문제가 있기 때문이다.

클라우드에서 거의 모든 것을 담당하게 되면 중앙의 힘은 상대적으로 강력해질 수밖에 없다. 이는 새로운 독점 형태의 문제를 불러올 수 있다.

블록체인이 IoT에 미치는 영향

이런 문제를 해결할 수 있는 기술로 ‘블록체인’이 주목받고 있다. 블록체인은 중앙이 아닌 모든 참여자와 정보를 공유하는 분산형 시스템이기 때문이다.

블록체인은 개인 간(P2P) 공유 형태의 네트워크 특성을 가지는데, 이는 중앙 집중형의 클라우드와 대비된다. 블록체인 방식의 IoT 네트워크 구조는 클라우드 구조에서 가지는 빅 브라더 문제를 확실히 해결할 수 있다.

그런데 블록체인의 장점은 이뿐만이 아니다. 블록체인 분산형 네트워크 구조만의 특별한 가치가 있다.

블록체인은 분산형태로 정보를 공유하기 때문에 투명하다는 특징이 있다. 그리고 다수결 기반으로 정보 왜곡을 방지하는 증명 알고리즘을 기반으로 하고 있어, 위변조 문제로부터 매우 안전하다. 정리하면, 블록체인의 구조는 정보에 ‘투명성’과 ‘무결성’을 제공한다.

이는 정보에 신뢰성을 부여하게 한다. 아울러 신뢰 제공에 드는 비용을 블록체인이 대신할 수 있어 서비스 제공 효율성도 높일 수 있다.

그럼 블록체인 방식의 IoT 네트워크 구조가 어떤 효용성이 있는지를 구체적으로 살펴보자.

최근 미국표준기술연구소(NIST)에서는 IoT 기기에서 오는 정보가 왜곡될 수 있다며 신뢰성 문제를 제기하고 있다. 그런데 블록체인을 활용해 이를 해결할 수 있다. IoT에서 생산하는 정보에 투명성과 무결성을 제공할 수 있기 때문이다.

실제로 블록체인의 이러한 특성을 IoT 산업에 적용한 사례가 럭스태그(LuxTag)다.

럭스태그는 명품의 진위를 인증할 수 있는 태그를 제공하고 있다. 태그에 저장된 정보는 블록체인 방식으로 기록되기 때문에 왜곡될 염려가 전혀 없다.

또 다른 사례로 보쉬 (BOSCH)가 개발한 주행 거리 조작 방지 기술이 있다. 보쉬의 해당 기술은 자동차에 GPS 센서를 달아 주행거리를 실시간으로 파악한 다음 블록체인 플랫폼 ‘이더리움’으로 기록하는 형태이다. 이 과정에서의 정보 조작은 거의 불가능에 가깝기 때문에 사용자는 해당 정보에 높은 신뢰성을 가질 수밖에 없다.

서비스 효율성 또한 개선할 수 있다. 신뢰성을 담당하는 중간자를 블록체인으로 대신할 수 있기 때문이다. 포르쉐가 개발한 ‘차량 출입문 인증 시스템’을 사례로 들어보자.

포르쉐의 차량 출입문 인증 시스템은 소유주를 인증해 차량 출입문을 열고 닫을 수 있게 하는 시스템이다. 포르쉐는 블록체인을 활용, 인증 속도를 6배가량 향상해 1.6초 만에 차량 출입문을 여닫을 수 있게 했다. 이렇게 속도 차이가 큰 이유는 무엇일까?

기존 방식의 경우, 소유주 인증을 위해서는 멀리 떨어진 중앙 서버를 거쳐야 했다. 다시 말해 차량 내의 시스템이 자체적으로 소유주를 인증하는 것이 아니라, IoT 센서에서 받은 정보를 중앙 서버 보내고 피드백을 받는 방식인 것이다.

문지기를 떠올리면 이해가 쉽다. 문지기가 ‘어떤 사람을 통과시켜야 하는지 모른다’고 가정해보자. 이 문지기는 인증이 필요할 때마다 상급자에게 직접 가서 일일이 물어볼 수밖에 없다.

반면 문지기가 문을 통과할 수 있는 사람을 알면 어떨까? 상급자에게 가서 물어볼 필요 없이 바로 본인 업무를 처리할 수 있다.

포르쉐의 차량 출입문 인증 시스템도 마찬가지다. 블록체인 방식을 적용해 중앙 서버를 거치지 않고 차량 내에 자체적으로 소유주를 인증할 수 있는 시스템을 구축한 것이다. 물론 차량이 가진 소유주 정보는 안전하다.

블록체인으로 스마트 시티 업그레이드

최근 주목받고 있는 개념 중 하나가 스마트 시티다. 이는 클라우드를 중심으로 IoT, AI가 결합된 지능형 도시를 말한다.

그런데 블록체인 등장으로 스마트 시티의 패러다임이 변하고 있다. 클라우드 중심이었던 스마트 시티의 네트워크 플랫폼에 블록체인이 속속 적용되고 있기 때문이다.

이를 통해 스마트 시티는 기존 ‘지능형 도시’에서 신뢰성이 결합된 ‘신뢰성을 갖춘 지능형 도시’로 업그레이드될 전망이다. 싱가포르, 호주의 프리맨틀, 두바이 등이 블록체인을 활용한 스마트 시티의 대표 사례로 꼽힌다."
클라우드/빅데이터,"가트너 ""내년 블록체인 등 10대 기술 주목해야""
",가트너 선정 전략 기술 트렌드는 혁신적인 잠재력을 갖고 있는 기술로 이뤄져 있다. 초기 상태에서 벗어나 폭넓은 영향력과 활용 사례를 보이는 신기술과 급성장세를 자랑하며 향후 5년 내 정점에 달할 것으로 예상되는 기술들이다.,"가트너가 내년에 주목할 전략 기술로 블록체인, 스마트 공간 등 10가지를 제시했다.

?

가트너는 미국 플로리다주 올랜도에서 개최된 가트너 심포지엄/IT엑스포에서 기업에서 주목해야할 '2019년 주요 전략 기술 트렌드'를 17일 발표했다.

?

가트너 선정 전략 기술 트렌드는 혁신적인 잠재력을 갖고 있는 기술로 이뤄져 있다. 초기 상태에서 벗어나 폭넓은 영향력과 활용 사례를 보이는 신기술과 급성장세를 자랑하며 향후 5년 내 정점에 달할 것으로 예상되는 기술들이다.

?

가트너가 제시한 2019년 10대 전략 기술 트렌드는 다음과 같다.

?

1. 자율 사물(Autonomous Things)

?

로봇, 드론, 자율주행차 등과 같은 자율 사물(Autonomous Things)은 AI를 이용해 인간이 수행하던 기능을 자동화한다. 자동화는 엄격한 프로그래밍 모델을 통한 자동화의 수준을 뛰어 넘고, AI를 활용해 주변 환경 및 사람과 자연스럽게 상호작용하는 고급 행동을 선보인다.

?

가트너 부사장 겸 펠로우인 데이비드 설리 부사장은 ""자율 사물의 확산에 따라, 독립적인 지능형 사물에서 벗어나 인간의 명령을 따르거나 스스로 여러 디바이스와 함께 작동할 수 있는 다양한 지능형 사물을 도입하게 될 것""이라며 ""예를 들어, 드론이 넓은 밭을 조사해서 수확할 준비가 됐다는 결론을 내리면 ‘자율 수확기계’를 작동시키는 것”이라고 설명했다.

?

그는 “혹은 배송 시장에서 가장 효율적인 해결책은 자율주행 차량을 이용하여 소포들을 대상 지역으로 이동시키는 것이 될 수 있다”며 “차량에 탑재된 로봇과 드론은 소포의 최종 배송을 보장할 수 있다""고 덧붙였다.

?

2. 증강 분석(Augmented Analytics)

?

증강 분석은 분석 콘텐츠의 개발, 소비 및 공유 방식을 혁신하기 위해 머신러닝을 이용해 증강 지능의 특정 영역에 초점을 맞춘다. 증강 분석 기능은 데이터 준비, 데이터 관리, 최신 분석, 비즈니스 프로세스 관리, 프로세스 마이닝 및 데이터 사이언스 플랫폼의 주요 기능으로 빠르게 발전할 것으로 전망된다. 증강 분석으로부터 얻은 자동화된 통찰력은 HR, 재무, 영업, 마케팅, 고객 서비스, 구매조달 및 자산관리 부서 등의 기업 활동에 적용돼, 애널리스트나 데이터 과학자를 포함한 모든 직원의 결정과 행동을 최적화하게 된다. 증강 분석은 데이터 준비, 통찰력 생성 및 통찰력의 시각화 프로세스를 자동화하여 많은 상황에서 전문 데이터 과학자가 필요없어진다.

?

데이비드 설리 부사장은 ""이것은 통계나 분석 전문가가 아닌 사용자도 데이터로부터 예측 혹은 규범적인 통찰력을 끌어낼 수 있도록 하는 새로운 역량 및 관행인 시민 데이터 과학(citizen data science)으로 이어질 것""이라며 ""2020년까지 시민 데이터 과학자의 수는 전문 데이터 과학자의 수보다 5배 더 빠르게 증가할 것이고, 조직은 시민 데이터 과학자들을 활용해 데이터 과학자의 공급 부족과 높은 비용으로 야기된 데이터 사이언스 및 머신러닝 분야의 인력 부족 현상을 해소할 수 있을 것""고 밝했다.

?

3. 인공지능 주도 개발(AI-Driven Development)

?

그간 대부분의 AI 강화 솔루션을 만들기 위해 전문 데이터 과학자는 애플리케이션 개발자와 협력해야만 했다. 이제 협력 방식에서 벗어나, 전문 개발자가 서비스형 사전 정의 모델을 사용해 단독으로 운영할 수 있는 모델로 시장이 빠르게 변화하고 있다. 이는 개발자에게 AI 알고리즘 및 모델 생태계는 물론, 모델 및 AI 역량을 솔루션에 통합하도록 설계된 개발 툴을 제공한다. 다양한 데이터 과학, 애플리케이션 개발, 테스트 기능을 자동화하기 위해 AI가 개발 프로세스 자체에 적용되면서, 또 다른 수준의 전문 애플리케이션 개발 기회가 발생한다. 2022년에 이르면 새로운 애플리케이션 개발 프로젝트 중 최소 40%가 해당 팀에 AI 공동개발자가 소속되어 있을 것으로 예상된다.

?

데이비드 설리 부사장은 ""궁극적으로, 애플리케이션의 기능적, 비기능적 측면을 모두 자동화하는 고도의 AI 주도 개발 환경은 비전문가도 AI 주도 도구를 이용해 자동적으로 새로운 솔루션을 만들어낼 수 있는 '시민 애플리케이션 개발자'의 새 시대를 열 것”이라며 “비전문가들이 코딩 없이 애플리케이션을 만들 수 있게 해주는 툴은 새로운 것이 아니지만, 우리는 AI 주도 시스템이 새로운 수준의 유연성을 제공할 것으로 기대한다""고 전망했다.

?

4. 디지털 트윈(Digital Twins)

?

디지털 트윈은 현실 세계에 존재하는 대상이나 시스템의 디지털 버전을 말한다. 가트너는 2020년까지 200억 개 이상의 커넥티드 센서 및 엔드포인트가 생성될 것으로 예상하며, 잠재적으로 수십억 개에 달하는 사물에 디지털 트윈이 존재할 것으로 내다봤다.

?

조직은 처음에는 간단한 방식으로 디지털 트윈을 적용할 것이다. 시간이 지나면서 이들은 올바른 데이터를 수집 및 시각화하고, 올바른 분석과 규칙을 적용하며, 비즈니스 목표에 효과적으로 대응할 수 있는 역량을 향상시키면서 진화할 것이다.

?

데이비드 설리 부사장은 ""IoT를 넘어서는 디지털 트윈 진화의 한 가지 측면은 기업들이 그들의 조직에 대한 디지털 트윈(DTOs)을 구현하는 것""이라며 ""DTO는 조직이 비즈니스 모델을 운영하고, 현재 상태와 연결하며, 자원을 배치하고, 변화에 대응해 고객 가치를 실현하는 방식을 이해하기 위해 운영 혹은 기타 데이터에 의존하는 다이내믹한 소프트웨어 모델""이라고 설명했다.

?

그는 ""DTO는 비즈니스 프로세스의 효율성을 높일 뿐만 아니라, 변화하는 상황에 자동적으로 반응할 수 있는 더 유연하고 동적이며 대응력이 뛰어난 프로세스를 만들어내는 데 도움이 된다""고 덧붙였다.


?

5. 자율권을 가진 엣지(Empowered Edge)

?

엣지는 사람, 혹은 주변에 내장된 엔드포인트 디바이스를 지칭한다. 엣지 컴퓨팅은 정보 처리, 콘텐츠 수집 및 전달이 엔드포인트와 인접한 곳에서 처리되는 컴퓨팅 토폴로지다. 엣지 컴퓨팅은 트래픽 및 지연 시간을 줄이기 위해 트래픽과 프로세싱을 로컬에서 처리하려고 한다.

?

머지않아 엣지는 IoT에 의해 주도되고, 필요에 의해 프로세싱을 중앙의 클라우드 서버 대신 끝부분 가까이에서 유지하게 될 것으로 예상된다. 단, 새로운 아키텍처를 만드는 대신 분산화된 온프레미스, 엣지 디바이스 등이 클라우드 서비스를 보완하는 모델로 진화할 것으로 보인다.

?

향후 5년간 더 뛰어난 처리 능력과 스토리지, 기타 고급 기능을 탑재한 특수 AI 칩이 다양한 엣지 디바이스에 탑재 될 전망이다. 임베디드 IoT 세계의 극단적인 이질성과 산업 시스템의 긴 수명 주기는 관리에 상당한 어려움을 발생시킨다. 장기적으로 5G 성숙기에 이르러, 확장된 엣지 컴퓨팅 환경은 중앙 서비스와 더욱 강력한 통신을 구축하게 된다. 5G는 평방 킬로미터 당 더 낮은 지연 시간, 더 높은 대역폭, 급격히 증가한 노드(엣지 엔드포인트) 수를 제공한다.

?

6. 몰입 경험(Immersive Experience)

?

대화형 플랫폼은 사람과 디지털 세상의 상호작용 방식을 바꾸고 있다. 가상현실(VR), 증강현실(AR) 및 혼합현실(MR)은 사람들이 디지털 세상을 인식하는 방식을 바꿨다. 이같은 인식과 상호작용 모델의 통합된 변화는 미래 몰입형 사용자 경험을 이끌어 낸다.

?

데이비드 설리 부사장은 ""시간이 지나면서 우리는 개별 디바이스와 단편적인 사용자 인터페이스(UI) 기술에서 벗어나, 다중 채널 및 다중 모드 경험으로 생각을 전환할 것”이라며 “다중 모드 경험은 기존의 컴퓨팅 디바이스, 웨어러블 기기, 자동차, 환경 센서와 가전제품을 포함한 수백개의 엣지 디바이스를 아우르는 디지털 세상과 사람들을 연결시켜줄 것""이라고 전망했다.

?

그는 ""다중 채널 경험은 모든 인간의 감각을 이용할 뿐만 아니라 다중 모드 디바이스의 고급 컴퓨터 감각(열, 습도, 레이더 등)을 모두 활용한다”며 “이러한 다중 경험 환경은 개별 장치가 아닌 우리를 둘러싼 공간이 컴퓨터를 정의하게 되는 앰비언트 경험(ambient experience)을 제공한다. 사실상 환경이 컴퓨터가 되는 것""이라고 강조했다.

?

7. 블록체인(Blockchain)

?

블록체인은 분산 원장의 한 종류다. 블록체인은 신뢰 구축, 투명성 제공, 비즈니스 생태계 간의 마찰 감소로 잠재적 비용 절감, 거래 합의 시간 단축, 현금 흐름 개선 등을 통해 산업을 재구성할 것이다. 오늘날 신뢰는 은행, 어음교환소, 정부, 그리고 중앙당국 역할을 하는 기타 기관에 구축됐고, ‘단일 버전의 진실’은 이들의 데이터베이스에 안전하게 저장된다. 이런 중앙화된 신뢰 모델은 거래에 지연 및 마찰 비용(커미션, 수수료 및 화폐의 시간가치)을 추가한다. 반면, 블록체인은 대안적 신뢰 모드를 제공하고 중재 거래에서 중앙당국의 필요성을 없앤다.

?

데이비드 설리 부사장은 ""현재의 블록체인 기술 및 개념은 미성숙하고, 사람들의 이해도가 높지 않으며, 업무에 필수적이고 규모가 큰 비즈니스 운영에 활용 가능한지 여부는 검증되지 않았고, 더욱 정교한 시나리오를 지원하는 복잡한 요소에 있어서 더욱 그렇다""며 ""이러한 어려움에도 불구하고, 블록체인 기술은 엄청난 혁신의 잠재력을 보유하고 있기 때문에 CIO와 IT 리더들은 몇 년 이내에 해당 기술을 적극적으로 채택하지는 않더라도 이를 평가하기 시작해야 한다""고 밝혔다.

?

오늘날 많은 블록체인 이니셔티브는 분산형 데이터베이스를 포함한 블록체인의 모든 특성을 구현하고 있지 않다. 이러한 블록체인 기반 솔루션들은 비즈니스 프로세스를 자동화하거나 기록을 디지털화 함으로써 운영 효율성을 달성하는 수단으로 사용된다. 이들은 알려진 개체 간의 정보 공유를 향상시키고, 물리적 자산과 디지털 자산을 추적할 수 있는 기회를 향상시킬 수 있는 잠재력을 가졌다.

?

이같은 접근법은 블록체인 혁신의 진정한 가치를 놓치고 공급업체에 대한 종속을 높일 수 있다. 이 옵션을 선택하는 조직은 한계점을 이해하고 완전한 블록체인 솔루션으로 전환할 준비를 해야 하며, 기존의 비 블록체인 기술을 더 효율적이고 적절하게 활용하면 동일한 결과를 달성할 수도 있다는 것을 인지해야 한다고 가트너는 조언했다.

?

8. 스마트 공간(Smart Spaces)

?

스마트 공간은 인간과 기술 시스템이 더욱 개방되고, 연결되며, 조율되고, 지능적인 생태계에서 상호작용하는 물리적 혹은 디지털 환경을 말한다. 사람, 프로세스, 서비스, 사물 등 여러 요소는 스마트 공간에 모여 타겟 사용자 및 산업 시나리오를 겨냥한 보다 몰입적이고 상호적이며 자동화된 경험을 창출한다.

?

데이비드 설리 부사장은 ""이러한 트렌드는 그동안 스마트 시티, 디지털 작업 공간, 스마트 홈, 커넥티드 공장과 같은 요소를 중심으로 융합돼왔다""며 ""기술이 직원, 소비자, 고객, 사회구성원, 혹은 시민으로서의 일상생활에 필수적인 부분이 되면서, 시장은 견고한 스마트 공간을 점점 빠르게 제공하는 단계에 접어들었다""고 설명했다.

?

9. 디지털 윤리와 개인정보보호(Digital Ethics and Privacy)

?

디지털 윤리와 개인정보보호는 개인, 조직 및 정부 모두가 우려하는 부분이다. 사람들은 자신의 개인정보가 공공 및 민간부문에서 조직에 의해 어떻게 사용되는지 점점 더 우려하고 있다. 또, 이러한 우려에 적극적 조치를 취하지 않는 조직에 대한 반발도 증가하고 있다.

?

데이비드 설리 부사장은 ""개인정보보호에 대한 모든 논의는 디지털 윤리와 고객, 구성원 및 직원들의 신뢰에 대한 광범위한 주제에 근거해야 한다”며 “개인정보보호와 보안이 신뢰 구축의 기본 요소지만, 신뢰는 사실상 이러한 요소들 이상의 의미를 가진다""고 강조했다.

?

그는 ""신뢰는 증거나 조사 없이 진술의 진실을 받아들이는 것이다. 궁극적으로 개인정보보호에 대한 조직의 입장은 윤리와 신뢰에 대한 보다 광범위한 개념에서 주도돼야 한다”며 “개인정보보호에서 윤리로의 전환은 '우리는 준수하고 있는가'에 대한 담론을 '우리가 옳은 일을 하고 있는가'에 관한 것으로 변화시킨다”고 덧붙였다.

?

10. 양자 컴퓨팅(Quantum Computing)

?

양자 컴퓨팅(QC)은 정보를 양자비트(큐비트) 요소로 나타내는 전자와 이온과 같은 아원자 입자의 양자 상태에서 작동하는 비고전적 컴퓨팅의 한 유형이다. 양자 컴퓨터의 병렬 실행과 기하급수적인 확장성은 전통적인 접근 방식으로 너무 복잡하거나, 전통적인 알고리즘으로 해결책을 찾기에 매우 오래 걸리는 문제를 해결하는데 효과적이다. 자동차, 금융, 보험, 제약, 군사 및 연구 기관 등의 업계는 양자 컴퓨팅의 발전으로부터 가장 큰 혜택을 누리고 있다.

?

예를 들어 양자 컴퓨팅은 제약 업계에서 새로운 암 치료 약물 출시를 가속하기 위해 아원자 수준에서 분자의 상호작용을 모델링하는 데 이용될 수 있다. 양자 컴퓨팅을 이용해 새로운 제약 방법론으로 이어지는 단백질의 상호작용을 더 정확하게 예측할 수도 있다.

?

데이비드 설리 부사장은 ""CIO들과 IT리더들은 이해도를 높이고 실제 비즈니스 문제에 어떻게 적용할 수 있는지를 파악함으로써 양자 컴퓨팅의 도입을 계획하기 시작해야 하며, 기술이 아직 신흥 단계에 있을 때 학습해야 한다”며 “양자 컴퓨팅이 잠재력을 가진 실제 문제를 파악하고 보안에 미칠 수 있는 영향을 고려해야 한다""고 조언했다.

?

그는 ""하지만 향후 몇 년 안에 사물을 혁신할 것이라는 과장 광고를 믿어서는 안된다”며 ”대부분의 조직은 2022년까지 양자 컴퓨팅에 대해 학습하고 모니터링해야 하며, 2023년 혹은 2025년에 이르러야 이를 활용할 수 있을 것""이라고 전망했다.

?

그는 ""지능, 디지털, 메시(Mesh)는 지난 2년 간 지속적으로 주목받았던 주제였으며, 2019년에도 주요 성장 요인으로 꼽힐 것”이라며 “이 세 가지 주제에 해당되는 트렌드들은 지속적인 혁신 프로세스를 추진하는 핵심 요소""라고 설명했다.

?

그는 ""일례로, 자동화된 사물의 형태인 인공지능(AI)과 증강 지능은 IoT, 엣지 컴퓨팅, 디지털 트윈과 함께 이용돼 고도로 통합된 스마트 공간을 제공한다”며 “여러 트렌드가 합쳐지면서 새로운 기회를 창출하고 새로운 혁신을 유도하는 종합적인 영향력이 2019년 10대 전략 트렌드의 특징""이라고 강조했다."
클라우드/빅데이터,"클라우드 패권 전면전 나선 오라클 - SAP
","오라클과 SAP가 시장 패권을 지키기 위해 전략을 총동원하고 나섰다. 두 회사는 ERP(전사적자원관리) CRM(고객관계관리) 등 기업용 솔루션 시장에서 치열하게 경쟁해온 앙숙관계다. 그런데 최근 아마존 등 클라우드 기업이 IT생태계를 주도하고, RPA(로보틱프로세스자동화) 등 새로운 솔루션이 등장하면서 경쟁구도가 복잡해졌다. 두 회사는 이번주 각각 미국 샌프란시스코와 스페인 바르셀로나에서 대규모 행사를 열고 사업전략과 솔루션 로드맵을 발표한다.","""클라우드 시대에도 시장 주도권을 놓치지 않겠다.""

오라클과 SAP가 시장 패권을 지키기 위해 전략을 총동원하고 나섰다.

두 회사는 ERP(전사적자원관리) CRM(고객관계관리) 등 기업용 솔루션 시장에서 치열하게 경쟁해온 앙숙관계다. 그런데 최근 아마존 등 클라우드 기업이 IT생태계를 주도하고, RPA(로보틱프로세스자동화) 등 새로운 솔루션이 등장하면서 경쟁구도가 복잡해졌다. 두 회사는 이번주 각각 미국 샌프란시스코와 스페인 바르셀로나에서 대규모 행사를 열고 사업전략과 솔루션 로드맵을 발표한다.

◇""클라우드 시대도 주인공 되겠다""=최근 가장 뜨거운 전쟁터는 '클라우드'다. 자체 시스템에 ERP를 구축했던 기존 고객을 최대한 클라우드 플랫폼으로 끌어내는 게 두 회사의 목표다.

목표는 같지만 전술은 확연히 다르다. SAP는 대부분의 퍼블릭 클라우드에서 ERP 서비스를 하는 멀티클라우드 전략을 편다. 아마존에서 SAP 솔루션을 쓰는 기업 이용자만 수천곳에 달한다. 국내에서도 지난 2월 클라우드 ERP를 내놨다. 이같은 전략에 힘입어 SAP는 올해 클라우드 매출이 기존 매출을 넘어섰다. 빌 맥더멋 SAP CEO는 최근 한 인터뷰에서 ""고객이 원하는 모든 곳에서 서비스를 제공해야 한다는 게 우리의 생각""이라고 밝혔다.

SAP가 클라우드 시장에서 SW서비스(SaaS)에 집중하는 반면 오라클은 인프라(IaaS)·플랫폼(PaaS)·SaaS를 모두 제공하는 전략이다. 아마존·MS·구글 등과 직접 경쟁하겠다는 것이다. 이를 위해 자사 클라우드 DB와 ERP를 지렛대로 활용한다.

자사 IaaS 고객에만 클라우드 ERP를 공급하고 클라우드 DB는 자사 IaaS 고객과 다른 퍼블릭 클라우드 이용자에 기능 차이를 둔다. 퍼블릭 클라우드에서는 DB 이중화나 최근 화두인 자율운영 기능을 제공하지 않는다.장기적으로 프라이빗 클라우드 구축 기업에는 자율운영 DB를 공급할 계획이다.

◇미국·스페인서 미래 전략 선포=두 회사는 이번주 미국과 유럽에서 대규모 행사를 열고 기술·솔루션 전략과 로드맵을 공개한다.

오라클은 22일부터 25일까지 미 샌프란시스코에서 '오라클 오픈월드 2018'을 열고 클라우드·자율운영을 키워드로 한 사업전략을 공개한다.

지난 3월 내놓은 자율운영 데이터웨어하우스(ADW)와 자율운영 트랜잭션 프로세싱(ATP)에 이은 자율운영 솔루션 로드맵이 제시될 전망이다.

창업자이면서 기술전략을 책임지는 래리 엘리슨 회장은 22일 '자율운영을 생각하라'를 주제로 발표하는 등 나흘간 두번이나 기조연설에 나선다.

SAP는 23일부터 25일까지 스페인 바르셀로나에서 'SAP 테크에드2018'을 개최해 최신 기술·솔루션 전략을 발표한다. 비요른 게르케 SAP 클라우드 플랫폼 부문 사장 겸 최고기술책임자가 기조연설자로 나서 머신러닝과 AI 비전을 발표할 예정이다. 인텔리전트 엔터프라이즈, 클라우드, 데이터분석, 블록체인, IoT 전략과 적용사례도 소개한다."
IoT,"ARM-인텔, 사물인터넷 관리 플랫폼 '협력'
","ARM이 사물인터넷 장치, 연결, 데이터를 관리하기 위해 인텔이 개발한 공통 표준을 사용키로 하고 전략적 제휴 관계를 맺었다고 보도했다. ARM은 인텔 표준을 채택해 네트워크를 안전하게 관리함으로써 사물인터넷이 확산되는 계기가 될 것이라고 평가했다. ARM과 인텔은 컴퓨터, 네트워크, 스마트폰용 프로세서 분야에서 폭넓게 경쟁해왔다. 사물인터넷 장치는 보안이 취약해 이 문제를 해결해야 한다는 지적을 받았다. 일정 기간마다 네트워크 접근성 보안을 유지하려면 현장 기술자가 수동으로 업그레이드해야 하는 번거로움이 있다.","반도체에서 경쟁하는 인텔과 ARM이 양사 연결장치 네트워크 관리 분야에서 협력키로 했다. 사물인터넷(IoT) 시장 성장 걸림돌로 지적되는 보안성 문제를 해결하기 위해서다. 

15일(현지시간) 로이터는 ARM이 사물인터넷 장치, 연결, 데이터를 관리하기 위해 인텔이 개발한 공통 표준을 사용키로 하고 전략적 제휴 관계를 맺었다고 보도했다. ARM은 인텔 표준을 채택해 네트워크를 안전하게 관리함으로써 사물인터넷이 확산되는 계기가 될 것이라고 평가했다. 

ARM과 인텔은 컴퓨터, 네트워크, 스마트폰용 프로세서 분야에서 폭넓게 경쟁해왔다.

사물인터넷 장치는 보안이 취약해 이 문제를 해결해야 한다는 지적을 받았다. 일정 기간마다 네트워크 접근성 보안을 유지하려면 현장 기술자가 수동으로 업그레이드해야 하는 번거로움이 있다. 

ARM과 인텔은 단일 관리 플랫폼을 사용해 장치를 관리할 계획이다. 보안성을 자동으로 유지하도록 지원하는 게 핵심이다. 

이에 따라 ARM이 최근 발표한 펠리언(Pelion) 사물인터넷 관리 플랫폼은 인텔의 시큐어 디바이스 온보드에 의존하게 됐다. 양사 사물인터넷 사용자는 동일 시스템에서 관리할 수 있게 된다. "
IoT,"SKT '수중 IoT' 통신망 시연
",SK텔레콤과 호서대 고학림 교수 연구팀은 22일부터 26일까지 부산 벡스코에서 열리는 IEC 부산총회에서 수중통신망과 사물인터넷(IoT) 망을 연동하는 기술을 시연한다고 21일 밝혔다.  SK텔레콤과 호서대는 시연을 위해 해운대 인근 바다 15m 수심에 수중 기지국과 센서를 설치했다. 센서가 측정한 바닷속 정보는 음파를 통해 수중기지국에서 해상 통신 부표(수중 기지국 제어국)로 전달된다. ,"SK텔레콤과 호서대 고학림 교수 연구팀은 22일부터 26일까지 부산 벡스코에서 열리는 IEC 부산총회에서 수중통신망과 사물인터넷(IoT) 망을 연동하는 기술을 시연한다고 21일 밝혔다. 

IEC(International Electronical Committee)는 전기 기술에 관한 국제 표준 개발을 목적으로 1906년 설립된 국제전기기술위원회다. 부산에서 열리는 제82차 총회에는 전 세계 85개국에서 3000여명이 참여한다. 

SK텔레콤과 호서대는 시연을 위해 해운대 인근 바다 15m 수심에 수중 기지국과 센서를 설치했다. 센서가 측정한 바닷속 정보는 음파를 통해 수중기지국에서 해상 통신 부표(수중 기지국 제어국)로 전달된다. 

해상 통신 부표는 이 데이터를 SK텔레콤의 IoT망 LTE Cat.M1을 통해 충남 아산에 위치한 호서대학교 해양IT융합기술 연구소 서버로 전송한다. 바닷속 정보는 인터넷 접속을 통해 어디서든 손쉽게 확인할 수 있다. 

IEC총회 관람객은 해운대 인근 바닷속 온도와 염도, 이 데이터가 실시간으로 전송되는 수중 통신망 작동 원리를 한눈에 살펴볼 수 있다. 수중 통신망은 △쓰나미·해저 지진 등 재난 상황 대응 △어족자원·해양 생태계 모니터링 통한 해양 환경 보호 △수중·항만 방어 체계 구축 등 광범위한 영역에서 활용할 수 있다. 

SK텔레콤과 호서대 연구팀은 수중-육상통신망 연동 기술 고도화와 함께 국제 표준 개발도 추진한다. 그간 수중 통신 기술은 한국, 미국, 유럽, 일본, 중국 등 주도로 개발되어 왔으나, 국제 표준은 없는 상황이다. 

SK텔레콤 박종관 네트워크기술원장은 ""수중통신망과 SK텔레콤 IoT망 연동에 성공한 것은 산·학·연 협력에 따른 성과""라며 ""수중망 설계 및 연동 기술을 고도화하고, 5G와 연계한 응용 분야 발굴도 지속할 것""이라고 말했다. "
해외 IT 서비스 사업자,"AI 편향성·불확실성 걸러낸다…IBM ‘AI 오픈스케일’
","IBM은 10월18일 서울 여의도 한국IBM 본사에서 기자간담회를 열고 ‘AI 오픈스케일’을 공개한다고 밝혔다. 기업의 AI 도입을 촉진시킬 수 있도록 AI가 도출하는 의사결정 과정을 투명하게 확인할 수 있도록 하고 데이터의 편향성을 바로잡을 수 있도록 하는 게 핵심이다. 이날 발표에 나선 최안나 한국IBM 왓슨 기술 영업 총괄 실장은 “AI는 아직까지 블랙박스이며, 그 안의 내용에 대해 확신을 가질 수 없기 때문에 장애를 갖고 있었다”라며 “‘AI 오픈스케일’은 관리, 운영, 모니터링, 퀄리티 유지 측면을 해결해주기 위한 솔루션으로 시장에 나왔다”라고 말했다.","인공지능(AI)은 일종의 블랙박스다. AI 모델에 무엇이 입력되고 무엇이 나오는지는 이해할 수 있지만, 내부에서 어떤 과정을 거쳐 의사결정이 내려지는지 알기 어렵다. 심지어 해당 AI를 설계한 사람조차 말이다. 자율주행차, 의료, 무기 시스템 등 AI의 개입이 확대될수록 문제는 커진다. 책임의 소재와 데이터 편향성, 의사결정과 행동 과정을 파악하기 어렵기 때문이다. 최근 ‘설명 가능한 AI’가 AI 연구 분야에서 떠오르는 이유다. IBM은 AI가 내린 의사결정 과정을 이해하고 관리할 수 있는 개방형 기술 플랫폼을 내놓았다.

IBM은 10월18일 서울 여의도 한국IBM 본사에서 기자간담회를 열고 ‘AI 오픈스케일’을 공개한다고 밝혔다. 기업의 AI 도입을 촉진시킬 수 있도록 AI가 도출하는 의사결정 과정을 투명하게 확인할 수 있도록 하고 데이터의 편향성을 바로잡을 수 있도록 하는 게 핵심이다. 이날 발표에 나선 최안나 한국IBM 왓슨 기술 영업 총괄 실장은 “AI는 아직까지 블랙박스이며, 그 안의 내용에 대해 확신을 가질 수 없기 때문에 장애를 갖고 있었다”라며 “‘AI 오픈스케일’은 관리, 운영, 모니터링, 퀄리티 유지 측면을 해결해주기 위한 솔루션으로 시장에 나왔다”라고 말했다.

AI의 불확실성은 기업이 AI 도입을 꺼리는 이유다. IBM 기업가치 연구소가 최근 전세계 5천명의 기업 임원을 대상으로 시행한 조사 결과에 따르면, 82%의 기업이 AI 도입을 검토하고 있지만 도입 장애 요인으로 63%의 기업이 “AI를 확실하게 운용할 수 있는 내부 인력이 부족하다”, 60%의 기업이 “AI에 활용되는 데이터에 대해 신뢰할 수 없고, 기업 내부 및 외부의 여러 규제를 파악하지 못하는 우려가 있다”는 점을 꼽았다.

예를 들어 AI가 대출 심사에 사용되려면 대출 심사 승인 과정이 공정했는지, 편향된 데이터는 없었는지 투명하게 확인돼야 한다. 또 디지털 마케팅 분야의 주요 이슈인 ‘광고 사기’ 탐지에서도 어떤 이유에서 AI가 해당 거래를 사기라고 판단했는지 설명할 수 있어야 관리자가 신뢰를 갖고 적극적으로 AI를 활용할 수 있다.

IBM은 AI 오픈스케일을 통해 AI가 가진 블랙박스 같은 불확실성을 제거해줄 수 있을 것으로 기대한다. IBM 측은 AI 오픈스케일을 이용할 경우 기업은 AI 모델이 적용된 시스템이나 운용 환경에 관계없이 AI가 도출한 의사결정 과정을 정확하게 이해하고 투명하게 관리하며, AI의 편향성을 탐지하고 신속하게 대응할 수 있다고 설명했다. AI 오픈스케일에는 머신러닝 모델의 예측을 이해하는 데 사용되는 ‘라임(LIME)’ 기반 모델이 적용됐다.

AI 오픈스케일에는 AI를 만드는 AI 솔루션도 포함된다. ‘뉴넷S(NeuNetS)’는 AI 설계에 사용되는 복잡한 심층신경망을 자동으로 구축하는 신경망 합성 엔진이다. 기업은 뉴넷S를 활용해 특정 데이터세트에 대한 맞춤형 AI 모델을 데이터 과학자보다 짧은 시간에 자동으로 설계하고, 훈련할 수 있다. 최안나 실장은 “딥러닝과 뉴럴 네트워크에 대해 모르는 사용자도 데이터만 있다면 얼마든지 모델을 만들고 활용할 수 있도록 하는 게 목표”라고 밝혔다.

AI가 만드는 AI에 편향성 문제는 없을까. 이에 대해 최안나 실장은 “편향성이 있을 수 있지만, AI의 편향성 검증을 어떤 방식으로 했는지 문서를 공개했으며 가장 편향이 없는 알고리즘을 사용했고 정확도 평가에 안정적인 방식을 지표화시켜서 사용했다”라며 “지속해서 진화하는 AI가 되어야 하는 건 IBM이 만든 모델도 마찬가지다”라고 말했다.

AI 오픈스케일은 올해 말 IBM 클라우드와 IBM 클라우드 프라이빗을 통해 제공될 예정이다."
해외 IT 서비스 사업자,"IBM, 새 클라우드 솔루션 공개··· 멀티 클라우드 관리 시장 '눈독
","IBM의 IBM 클라우드 프라이빗(IBM Cloud Private) 플랫폼에서 실행되지만, 사용자가 아마존이나 레드햇, 마이크로소프트 같은 다른 업체의 클라우드에서 실행되는 워크로드도 관리, 통합할 수 있다. IBM 프라이빗 클라우드 오퍼링 매니지먼트의 디렉터 로빈 헤르난데스는 ""IBM 플랫폼을 이용하면 자동화를 개선하고 더 빠르게 서비스를 이전할 수 있으며 비용도 절감된다. 멀티 클라우드 매니저의 가장 큰 장점은 대시보드 인터페이스다. 수천개 쿠버네티스 애플리케이션과 거대한 규모의 데이터가 기업 어디에 위치해 있든 관리할 수 있다""라고 말했다.","IBM이 멀티 클라우드 관리 시스템 '멀티 클라우드 매니저(Multi-cloud Manager)'를 공개했다. 이를 이용하면 기업이 여러 업체의 클라우드 인프라에서 운영하는 앱을 관리, 이전, 통합할 수 있다.

멀티 클라우드 매니저는 쿠버네티스(Kubernetes)를 기반으로 개발됐다. IBM의 IBM 클라우드 프라이빗(IBM Cloud Private) 플랫폼에서 실행되지만, 사용자가 아마존이나 레드햇, 마이크로소프트 같은 다른 업체의 클라우드에서 실행되는 워크로드도 관리, 통합할 수 있다. IBM 프라이빗 클라우드 오퍼링 매니지먼트의 디렉터 로빈 헤르난데스는 ""IBM 플랫폼을 이용하면 자동화를 개선하고 더 빠르게 서비스를 이전할 수 있으며 비용도 절감된다.

멀티 클라우드 매니저의 가장 큰 장점은 대시보드 인터페이스다. 수천개 쿠버네티스 애플리케이션과 거대한 규모의 데이터가 기업 어디에 위치해 있든 관리할 수 있다""라고 말했다.

이러한 관리 개념은 다양한 클라우드를 사용하는 기업을 겨냥했다. 예를 들어 AI 서비스용 클라우드, 재고 및 공급망용 클라우드를 각각 다른 업체 서비스를 이용하면서 동시에 재무와 고객 데이터를 자체 온프레미스 시스템에서 운영하는 기업이라면 멀티 클라우드 매니저를 도입했을 큰 효과를 볼 수 있다. 운영과 개발팀이 단일 제어 패널을 통해 여러 클라우드와 클러스터에서 운영되는 쿠버네티스 애플리케이션과 컴포넌트에 대한 가시성을 확보할 수 있기 때문이다.

일반적으로 멀티 클라우드 환경은 매우 복잡하고 빠르게 관리하기 어렵다. 헤르난데스는 최근 열린 가트너 행사에서 ""IBM의 자체 연구 결과를 보면, 기업의 85%가 1개 이상의 클라우드 환경을 사용하고 있다""라고 말했다. IBM의 CEO 지니 로메티도 ""IBM의 기업 고객은 평균 클라우드 서비스 6개와 앱 1000개를 사용한다""고 말했다. 기업이 이러한 환경을 관리할 수 있도록 지원하는 것이 IBM이 새로운 제품을 통해 주목하는 멀티 클라우드 고객 이슈 중 하나다.

헤르난데스는 ""또한, 멀티 클라우드 매니저는 기업 고객이 거버넌스와 보안을 강화하도록 돕는다. 컴플라이언스와 룰 엔진이 통합돼 있어 쿠버네티스 애플리케이션이 기업의 보안 요건을 지킬 수 있도록 하기 때문이다. 이를 이용하면 기업이 언제, 어디서, 어떻게 쿠버네티스 애플리케이션을 배포할 것인지, 백업을 어떻게 하고, 데이터 유출이나 시스템 장애시 어떻게 대처할 것인지 등을 상세하게 정의할 수 있다""라고 말했다.

애널리스트들은 기업이 다양한 업체의 클라우드를 관리할 수 있도록 지원한 IBM의 움직임을 긍정적으로 평가한다. 이러한 클라우드에는 IBM의 경쟁사인 아마존, 구글, 마이크로소프트, 알리바바 등이 포함돼 있다.

오범 리서치(Ovum research)의 유명 애널리스트인 로이 일리슬리는 ""기업 프로세서의 20%가 이미 클라우드로 이동했다. 그러나 미션 크리티컬한 워크로드와 민감한 데이터의 80%는 성능과 법적 규제 때문에 여전히 온프레미스 비즈니스 시스템에서 운영된다. 그러나 2019년이 되면 이러한 클라우드에서 운영되는 워크로드 비중이 40% 이상으로 높아질 것이다. 또한, 현업과 IT의 다양한 요구에 맞추기 위해 많은 기업이 멀티 클라우드 시스템 환경으로 이행할 것으로 전망된다""라고 말했다.

멀티 클라우드 매니저는 IBM이 뉴타닉스(Nutanix)나 커블러(Kublr) 같은 클라우드 관리 업체들과 경쟁하는 데도 도움이 될 전망이다."
"국내 IT 서비스 사업자 - SK C&C, 포스코ICT, LG CNS, 삼성SDS","삼성SDS, 블록체인 서비스 관련 특허 7건 공개
","삼성SDS는 작년 8월부터 10월 사이에 출원한 블록체인 관련 특허를 공개했다. 거래, 데이터 처리, 디지털 ID 관련 특허로, 아직까지 미등록 상태다. 암호화폐를 블록체인을 통해 안전하게 충전·거래·결제하는 방법에 대한 특허는 모두 다섯 건이다. 이 특허들은 암호화폐를 P2P 방식으로 안전하게 거래하는 방법, 전자지갑에서 결제 단말로 암호화폐가 자동 충전되는 방법, 이같은 모든 과정이 실시간으로 진행되는 방법 등을 포함하고 있다.","삼성SDS가 블록체인 관련 특허 7건을 공개했다.

15일 특허정보넷 키프리스에 따르면, 삼성SDS는 작년 8월부터 10월 사이에 출원한 블록체인 관련 특허를 공개했다. 거래, 데이터 처리, 디지털 ID 관련 특허로, 아직까지 미등록 상태다.

암호화폐를 블록체인을 통해 안전하게 충전·거래·결제하는 방법에 대한 특허는 모두 다섯 건이다. 이 특허들은 암호화폐를 P2P 방식으로 안전하게 거래하는 방법, 전자지갑에서 결제 단말로 암호화폐가 자동 충전되는 방법, 이같은 모든 과정이 실시간으로 진행되는 방법 등을 포함하고 있다.

나머지 두 건은 데이터와 디지털 ID와 관련한 특허다. 삼성SDS가 출원한 디지털 ID 특허에는 블록체인 기술을 활용해 보안을 강화하는 동시에 사용자들이 더욱 간편하게 신원을 인증하는 절차에 대한 내용이 담겨 있다.

분산신원확인(DID, Decentralized ID) 분야는 마이크로소프트, SK 등 대형 IT 기업들의 주요 관심종목이다. '블록체인 기반 데이터 처리 시스템 및 그 동작 방법'은 고속의 데이터 처리 성능을 제공하는 시스템 제공에 목표를 두고 있다.

삼성SDS의 블록체인 솔루션 '넥스레저'는 기업형 블록체인 서비스(Enterprise blcokchain service)로 작년부터 상용화 및 시범사업을 진행 중이다. 삼성SDS는 관세청 수출통관 물류서비스, 은행 공동인증 서비스, 서울시 블록체인 로드맵 등 여러 블록체인 프로젝트에 서비스를 제공했다."
"국내 IT 서비스 사업자 - SK C&C, 포스코ICT, LG CNS, 삼성SDS","SK C&C, 제3통합전산센터 클라우드 사업 수주
","SK㈜ C&C는 국가정보자원관리원 대구센터(제3정부통합전산센터)의 클라우드 개발검증센터 구축사업 우선협상대상자로 선정됐다고 15일 밝혔다. 국가정보자원관리원은 중앙행정기관, 지방자치단체 및 공공기관의 정보시스템과 국가정보통신망 등의 통합 구축 및 운영을 담당하는 행정안전부 책임운영기관이다. 이번 사업은 2020년 완공 예정인 대구센터를 정부 최초의 완전한 클라우드 센터로 구축하고, 센터 입주 예정인 건강보험공단, 한국고용정보원, 교통안전공단 등 79개의 행정·공공기관 시스템의 빠른 클라우드 전환을 지원하고자 추진됐다.","SK㈜ C&C는 국가정보자원관리원 대구센터(제3정부통합전산센터)의 클라우드 개발검증센터 구축사업 우선협상대상자로 선정됐다고 15일 밝혔다.

국가정보자원관리원은 중앙행정기관, 지방자치단체 및 공공기관의 정보시스템과 국가정보통신망 등의 통합 구축 및 운영을 담당하는 행정안전부 책임운영기관이다.

이번 사업은 2020년 완공 예정인 대구센터를 정부 최초의 완전한 클라우드 센터로 구축하고, 센터 입주 예정인 건강보험공단, 한국고용정보원, 교통안전공단 등 79개의 행정·공공기관 시스템의 빠른 클라우드 전환을 지원하고자 추진됐다.

이번 사업은 공공정보화 신산업분야인 클라우드 기술 적용 이유로 대기업 참여제한 예외 인정을 받았다.

SK㈜ C&C는 먼저 대구 클라우드 센터 구축을 위한 소프트웨어정의데이터센터(SDDC) 도입 전략 및 시스템 설계, 개발검증센터 구축을 진행한다.

SDDC는 소프트웨어(SW)로 정의된 컴퓨팅, 스토리지, 네트워크는 물론 각종 보안 및 컴플라이언스를 가상화 기반으로 제공해 클라우드와 연동된 IT 통합 관리 환경을 손쉽게 구축할 수 있게 해 준다.

자체 클라우드와 외부 퍼블릭 클라우드 환경 사이에서 데이터와 인프라 자원도 쉽게 이동시킬 수 있어서 외부의 우수한 인공지능 및 빅데이터 등 디지털 시스템 적용도 유리하다.

SK㈜ C&C는 또 대구 센터 입주 예정인 79개 행정·공공기관들이 기존 공공 업무 및 서비스 관련 시스템/인프라 자원의 빠르고 안전한 클라우드 전환 및 이전을 위한 클라우드 개발검증센터도 제공한다.

SDDC의 특성을 살려 공공 데이터 수요량을 예측하기 힘든 상황에서 각 기관이 시스템별로 현재 필요한 최적의 인프라를 확보하며 수요에 따라 늘려가는 ‘스타트 스몰’을 지원할 계획이다.

새로운 디지털 신기술 및 SW 도입 검증 체계도 마련해 대구 센터 이전과 함께 펼칠 기관들의 디지털 공공 서비스 개발도 뒷받침할 방침이다.

국가정보자원관리원은 이번 사업을 통해 인프라 및 네트워크 자원 효율성 증대로 운용 비용 절감은 물론 SW 기반의 시스템 인프라 자동 통합 점검이 이뤄져 센터 서비스 안정성도 크게 높아질 것으로 기대하고 있다.

SK(주) C&C 김만흥 금융·전략사업부문장은 “이번 사업을 통해 국가 공공 시스템 전반에 걸친 클라우드 서비스 도입을 촉진하게 될 것” 이라며 “공공 뿐 아니라 금융을 중심으로 한 클라우드 신규 사업 발굴에 적극적으로 나서겠다”고 말했다."
"국내 IT 서비스 사업자 - SK C&C, 포스코ICT, LG CNS, 삼성SDS","국민은행, 차세대시스템 프로젝트 시동…사업자 SK C&C 선정
","국민은행은 차세대 전산시스템 구축 사업인 '더 케이 프로젝트' 사업자로 SK C&C를 선정했다. 국민은행의 더케이 프로젝트는 다른 은행들처럼 전산시스템을 한꺼번에 교체하는 이른바 '빅뱅' 방식이 아닌 점진적으로 시스템을 바꾸는 방식이다. 기존 IBM메인프레임 기반의 주전산기를 유지한 채 점진적으로 시스템을 바꿔가는 형태다. 세부적으로는 5개 플랫폼, 14개 프로젝트, 32개 과제를 바탕으로 AI(인공지능), 빅데이터, 클라우드 등 최신 핀테크 기술을 적용하게 된다. ","KB국민은행의 차세대 시스템 사업인 '더 케이(The K) 프로젝트'가 본격 가동된다. 이날 사업자 선정을 계기로 12월 사업 착수, 오는 2020년 추석 가동을 목표로 시스템 구축에 나선다는 구상이다. 금융회사에서 IT(정보기술) 역량의 중요도가 날로 높아지고 있는 국민은행 사업에 대한 관련 업계의 관심이 높다.

17일 금융권에 따르면 국민은행은 차세대 전산시스템 구축 사업인 '더 케이 프로젝트' 사업자로 SK C&C를 선정했다.  

국민은행의 더케이 프로젝트는 다른 은행들처럼 전산시스템을 한꺼번에 교체하는 이른바 '빅뱅' 방식이 아닌 점진적으로 시스템을 바꾸는 방식이다. 기존 IBM메인프레임 기반의 주전산기를 유지한 채 점진적으로 시스템을 바꿔가는 형태다. 세부적으로는 5개 플랫폼, 14개 프로젝트, 32개 과제를 바탕으로 AI(인공지능), 빅데이터, 클라우드 등 최신 핀테크 기술을 적용하게 된다. 

SK C&C가 따낸 이번 발주 사업 규모는 1500억원가량이다. 인프라 부분은 분리 발주할 계획이다. 업계에서는 전체 사업비만 3000억원에 달할 것으로 보고 있다. 또 국민은행은 현재 500여명인 IT 관련 인력을 더케이 프로젝트 진행의 영향으로 800여명까지 늘리는 계획도 마련했다. 국민은행이 이번 프로젝트에 얼마나 공 들이고 있는지 엿볼 수 있는 대목이다. 

특히 대다수 은행의 주전산시스템이 유닉스 기반으로 바뀐 상황에서 국민은행이 메인프레임 방식을 유지한 점이 눈에 띈다. '일체형'인 메인프레임 대비 유닉스의 호환성이 높고 유지·보수 비용도 저렴하다는 평가가 많았기 때문이다. 

금융권 관계자는 ""유닉스의 메인프레임 대비 비교 우위가 얘기된 것도 벌써 십수년이 지나고 이제는 리눅스 기반 차세대 프로젝트가 각광받는 흐름""이라며 ""4년 전 한 차례 유닉스 전환의 기회를 놓친 국민은행으로선 굳이 뒤늦게 유닉스 전환을 선택하기보다는 오히려 점진적인 신기술 적용이 더욱 미래지향적이라고 판단한 것""이라고 설명했다. 

특히 빅뱅 방식의 전환이 전산 사고로 이어지는 다른 은행의 사례를 참고해 이 같은 결정을 내렸다는 평가도 나온다. 실제로 우리은행의 경우 지난 5월 메인프레임에서 유닉스 체제로 전환하는 전산시스템 전환을 확정했지만, 크고 작은 전산사고가 이어지고 있다. 금융권 관계자는 ""전산시스템 전환 과정에서 오류를 최소화하는 차원에서, 국민은행은 현 시스템을 유지하면서 디지털 고도화를 준비하는 것으로 안다""고 말했다."
